Item_ID,ItemName,SectionID
1,Section Item 6,1
2,Section Item 2,1
3,Section Item 6,1
1,Section Item 4,2
2,Section Item 5,2
3,Section Item 6,2
1,Section Item 4,3
2,Section Item 1,3
3,Section Item 3,3
1,Section Item 5,4
2,Section Item 5,4
3,Section Item 6,4
1,Section Item 2,5
2,Section Item 3,5
3,Section Item 3,5
1,Section Item 4,6
2,Section Item 1,6
3,Section Item 2,6
1,Section Item 1,7
2,Section Item 2,7
3,Section Item 1,7
1,Section Item 6,8
2,Section Item 4,8
3,Section Item 5,8
1,Section Item 4,9
2,Section Item 1,9
3,Section Item 2,9
1,Section Item 2,10
2,Section Item 4,10
3,Section Item 1,10
1,Section Item 2,11
2,Section Item 4,11
3,Section Item 4,11
1,Section Item 4,12
2,Section Item 2,12
3,Section Item 5,12
1,Section Item 2,13
2,Section Item 2,13
3,Section Item 2,13
1,Section Item 5,14
2,Section Item 1,14
3,Section Item 3,14
1,Section Item 5,15
2,Section Item 5,15
3,Section Item 3,15
1,Section Item 6,16
2,Section Item 2,16
3,Section Item 6,16
1,Section Item 2,17
2,Section Item 6,17
3,Section Item 6,17
1,Section Item 1,18
2,Section Item 5,18
3,Section Item 2,18
1,Section Item 2,19
2,Section Item 1,19
3,Section Item 6,19
1,Section Item 3,20
2,Section Item 6,20
3,Section Item 5,20
1,Section Item 6,21
2,Section Item 3,21
3,Section Item 4,21
1,Section Item 6,22
2,Section Item 5,22
3,Section Item 5,22
1,Section Item 5,23
2,Section Item 5,23
3,Section Item 3,23
1,Section Item 4,24
2,Section Item 6,24
3,Section Item 4,24
1,Section Item 4,25
2,Section Item 2,25
3,Section Item 1,25
1,Section Item 5,26
2,Section Item 5,26
3,Section Item 4,26
1,Section Item 3,27
2,Section Item 5,27
3,Section Item 4,27
1,Section Item 5,28
2,Section Item 4,28
3,Section Item 3,28
1,Section Item 3,29
2,Section Item 6,29
3,Section Item 3,29
1,Section Item 1,30
2,Section Item 3,30
3,Section Item 6,30
1,Section Item 5,31
2,Section Item 1,31
3,Section Item 2,31
1,Section Item 4,32
2,Section Item 1,32
3,Section Item 1,32
1,Section Item 4,33
2,Section Item 6,33
3,Section Item 6,33
1,Section Item 6,34
2,Section Item 1,34
3,Section Item 3,34
1,Section Item 6,35
2,Section Item 4,35
3,Section Item 5,35
1,Section Item 1,36
2,Section Item 5,36
3,Section Item 3,36
1,Section Item 3,37
2,Section Item 6,37
3,Section Item 3,37
1,Section Item 2,38
2,Section Item 2,38
3,Section Item 5,38
1,Section Item 1,39
2,Section Item 6,39
3,Section Item 3,39
1,Section Item 2,40
2,Section Item 6,40
3,Section Item 4,40
1,Section Item 1,41
2,Section Item 1,41
3,Section Item 6,41
1,Section Item 3,42
2,Section Item 5,42
3,Section Item 5,42
1,Section Item 4,43
2,Section Item 4,43
3,Section Item 1,43
1,Section Item 5,44
2,Section Item 2,44
3,Section Item 3,44
1,Section Item 5,45
2,Section Item 3,45
3,Section Item 2,45
1,Section Item 4,46
2,Section Item 6,46
3,Section Item 2,46
1,Section Item 4,47
2,Section Item 2,47
3,Section Item 4,47
1,Section Item 4,48
2,Section Item 1,48
3,Section Item 1,48
1,Section Item 4,49
2,Section Item 2,49
3,Section Item 1,49
1,Section Item 4,50
2,Section Item 3,50
3,Section Item 6,50
1,Section Item 6,51
2,Section Item 3,51
3,Section Item 6,51
1,Section Item 5,52
2,Section Item 1,52
3,Section Item 4,52
1,Section Item 4,53
2,Section Item 3,53
3,Section Item 2,53
1,Section Item 1,54
2,Section Item 5,54
3,Section Item 1,54
1,Section Item 1,55
2,Section Item 6,55
3,Section Item 6,55
1,Section Item 6,56
2,Section Item 3,56
3,Section Item 5,56
1,Section Item 6,57
2,Section Item 6,57
3,Section Item 4,57
1,Section Item 1,58
2,Section Item 1,58
3,Section Item 2,58
1,Section Item 3,59
2,Section Item 2,59
3,Section Item 5,59
1,Section Item 1,60
2,Section Item 6,60
3,Section Item 3,60
1,Section Item 3,61
2,Section Item 1,61
3,Section Item 1,61
1,Section Item 1,62
2,Section Item 1,62
3,Section Item 1,62
1,Section Item 6,63
2,Section Item 4,63
3,Section Item 4,63
1,Section Item 1,64
2,Section Item 2,64
3,Section Item 3,64
1,Section Item 1,65
2,Section Item 3,65
3,Section Item 2,65
1,Section Item 5,66
2,Section Item 6,66
3,Section Item 3,66
1,Section Item 4,67
2,Section Item 2,67
3,Section Item 5,67
1,Section Item 2,68
2,Section Item 5,68
3,Section Item 5,68
1,Section Item 5,69
2,Section Item 4,69
3,Section Item 6,69
1,Section Item 4,70
2,Section Item 2,70
3,Section Item 3,70
1,Section Item 5,71
2,Section Item 1,71
3,Section Item 6,71
1,Section Item 3,72
2,Section Item 5,72
3,Section Item 4,72
1,Section Item 6,73
2,Section Item 3,73
3,Section Item 1,73
1,Section Item 4,74
2,Section Item 1,74
3,Section Item 4,74
1,Section Item 3,75
2,Section Item 1,75
3,Section Item 6,75
1,Section Item 5,76
2,Section Item 1,76
3,Section Item 6,76
1,Section Item 6,77
2,Section Item 1,77
3,Section Item 6,77
1,Section Item 1,78
2,Section Item 4,78
3,Section Item 4,78
1,Section Item 3,79
2,Section Item 4,79
3,Section Item 2,79
1,Section Item 4,80
2,Section Item 3,80
3,Section Item 5,80
1,Section Item 1,81
2,Section Item 1,81
3,Section Item 4,81
1,Section Item 3,82
2,Section Item 3,82
3,Section Item 3,82
1,Section Item 5,83
2,Section Item 4,83
3,Section Item 3,83
1,Section Item 6,84
2,Section Item 2,84
3,Section Item 4,84
1,Section Item 3,85
2,Section Item 2,85
3,Section Item 6,85
1,Section Item 2,86
2,Section Item 6,86
3,Section Item 5,86
1,Section Item 6,87
2,Section Item 2,87
3,Section Item 6,87
1,Section Item 5,88
2,Section Item 2,88
3,Section Item 3,88
1,Section Item 2,89
2,Section Item 1,89
3,Section Item 5,89
1,Section Item 3,90
2,Section Item 6,90
3,Section Item 5,90
1,Section Item 2,91
2,Section Item 6,91
3,Section Item 1,91
1,Section Item 5,92
2,Section Item 4,92
3,Section Item 2,92
1,Section Item 2,93
2,Section Item 5,93
3,Section Item 6,93
1,Section Item 5,94
2,Section Item 4,94
3,Section Item 1,94
1,Section Item 1,95
2,Section Item 5,95
3,Section Item 5,95
1,Section Item 4,96
2,Section Item 2,96
3,Section Item 2,96
1,Section Item 1,97
2,Section Item 3,97
3,Section Item 2,97
1,Section Item 3,98
2,Section Item 1,98
3,Section Item 6,98
1,Section Item 2,99
2,Section Item 6,99
3,Section Item 4,99
1,Section Item 1,100
2,Section Item 1,100
3,Section Item 1,100
1,Section Item 3,101
2,Section Item 4,101
3,Section Item 3,101
1,Section Item 3,102
2,Section Item 3,102
3,Section Item 4,102
1,Section Item 3,103
2,Section Item 5,103
3,Section Item 3,103
1,Section Item 1,104
2,Section Item 3,104
3,Section Item 4,104
1,Section Item 2,105
2,Section Item 1,105
3,Section Item 5,105
1,Section Item 1,106
2,Section Item 2,106
3,Section Item 4,106
1,Section Item 1,107
2,Section Item 2,107
3,Section Item 3,107
1,Section Item 5,108
2,Section Item 4,108
3,Section Item 5,108
1,Section Item 3,109
2,Section Item 3,109
3,Section Item 1,109
1,Section Item 5,110
2,Section Item 2,110
3,Section Item 4,110
1,Section Item 4,111
2,Section Item 4,111
3,Section Item 1,111
1,Section Item 5,112
2,Section Item 4,112
3,Section Item 3,112
1,Section Item 4,113
2,Section Item 4,113
3,Section Item 1,113
1,Section Item 5,114
2,Section Item 5,114
3,Section Item 2,114
1,Section Item 3,115
2,Section Item 1,115
3,Section Item 6,115
1,Section Item 4,116
2,Section Item 5,116
3,Section Item 6,116
1,Section Item 4,117
2,Section Item 6,117
3,Section Item 5,117
1,Section Item 5,118
2,Section Item 6,118
3,Section Item 3,118
1,Section Item 5,119
2,Section Item 6,119
3,Section Item 5,119
1,Section Item 4,120
2,Section Item 1,120
3,Section Item 3,120
1,Section Item 1,121
2,Section Item 5,121
3,Section Item 6,121
1,Section Item 2,122
2,Section Item 1,122
3,Section Item 4,122
1,Section Item 2,123
2,Section Item 4,123
3,Section Item 6,123
1,Section Item 5,124
2,Section Item 4,124
3,Section Item 2,124
1,Section Item 1,125
2,Section Item 3,125
3,Section Item 3,125
1,Section Item 1,126
2,Section Item 4,126
3,Section Item 1,126
1,Section Item 4,127
2,Section Item 2,127
3,Section Item 1,127
1,Section Item 4,128
2,Section Item 5,128
3,Section Item 2,128
1,Section Item 1,129
2,Section Item 5,129
3,Section Item 3,129
1,Section Item 1,130
2,Section Item 1,130
3,Section Item 6,130
1,Section Item 5,131
2,Section Item 3,131
3,Section Item 4,131
1,Section Item 5,132
2,Section Item 5,132
3,Section Item 3,132
1,Section Item 1,133
2,Section Item 3,133
3,Section Item 1,133
1,Section Item 5,134
2,Section Item 2,134
3,Section Item 2,134
1,Section Item 1,135
2,Section Item 5,135
3,Section Item 4,135
1,Section Item 4,136
2,Section Item 3,136
3,Section Item 6,136
1,Section Item 3,137
2,Section Item 3,137
3,Section Item 6,137
1,Section Item 6,138
2,Section Item 3,138
3,Section Item 6,138
1,Section Item 3,139
2,Section Item 5,139
3,Section Item 3,139
1,Section Item 4,140
2,Section Item 4,140
3,Section Item 2,140
1,Section Item 6,141
2,Section Item 5,141
3,Section Item 4,141
1,Section Item 5,142
2,Section Item 2,142
3,Section Item 4,142
1,Section Item 4,143
2,Section Item 4,143
3,Section Item 4,143
1,Section Item 3,144
2,Section Item 6,144
3,Section Item 2,144
1,Section Item 5,145
2,Section Item 3,145
3,Section Item 4,145
1,Section Item 2,146
2,Section Item 4,146
3,Section Item 5,146
1,Section Item 3,147
2,Section Item 3,147
3,Section Item 5,147
1,Section Item 6,148
2,Section Item 1,148
3,Section Item 4,148
1,Section Item 5,149
2,Section Item 1,149
3,Section Item 1,149
1,Section Item 3,150
2,Section Item 6,150
3,Section Item 5,150
1,Section Item 1,151
2,Section Item 1,151
3,Section Item 4,151
1,Section Item 3,152
2,Section Item 4,152
3,Section Item 2,152
1,Section Item 3,153
2,Section Item 5,153
3,Section Item 6,153
1,Section Item 2,154
2,Section Item 6,154
3,Section Item 3,154
1,Section Item 5,155
2,Section Item 4,155
3,Section Item 1,155
1,Section Item 5,156
2,Section Item 4,156
3,Section Item 3,156
1,Section Item 3,157
2,Section Item 4,157
3,Section Item 6,157
1,Section Item 5,158
2,Section Item 4,158
3,Section Item 5,158
1,Section Item 2,159
2,Section Item 3,159
3,Section Item 5,159
1,Section Item 5,160
2,Section Item 5,160
3,Section Item 1,160
1,Section Item 3,161
2,Section Item 4,161
3,Section Item 5,161
1,Section Item 1,162
2,Section Item 6,162
3,Section Item 6,162
1,Section Item 1,163
2,Section Item 5,163
3,Section Item 3,163
1,Section Item 5,164
2,Section Item 5,164
3,Section Item 3,164
1,Section Item 4,165
2,Section Item 4,165
3,Section Item 3,165
1,Section Item 1,166
2,Section Item 6,166
3,Section Item 3,166
1,Section Item 3,167
2,Section Item 5,167
3,Section Item 2,167
1,Section Item 1,168
2,Section Item 3,168
3,Section Item 5,168
1,Section Item 4,169
2,Section Item 4,169
3,Section Item 1,169
1,Section Item 2,170
2,Section Item 4,170
3,Section Item 2,170
1,Section Item 6,171
2,Section Item 3,171
3,Section Item 6,171
1,Section Item 3,172
2,Section Item 4,172
3,Section Item 1,172
1,Section Item 1,173
2,Section Item 3,173
3,Section Item 1,173
1,Section Item 5,174
2,Section Item 3,174
3,Section Item 5,174
1,Section Item 3,175
2,Section Item 3,175
3,Section Item 3,175
1,Section Item 3,176
2,Section Item 4,176
3,Section Item 5,176
1,Section Item 6,177
2,Section Item 1,177
3,Section Item 3,177
1,Section Item 2,178
2,Section Item 3,178
3,Section Item 3,178
1,Section Item 5,179
2,Section Item 2,179
3,Section Item 5,179
1,Section Item 3,180
2,Section Item 3,180
3,Section Item 4,180
1,Section Item 5,181
2,Section Item 4,181
3,Section Item 4,181
1,Section Item 6,182
2,Section Item 5,182
3,Section Item 2,182
1,Section Item 6,183
2,Section Item 2,183
3,Section Item 4,183
1,Section Item 3,184
2,Section Item 6,184
3,Section Item 1,184
1,Section Item 2,185
2,Section Item 1,185
3,Section Item 5,185
1,Section Item 6,186
2,Section Item 5,186
3,Section Item 6,186
1,Section Item 3,187
2,Section Item 4,187
3,Section Item 5,187
1,Section Item 3,188
2,Section Item 4,188
3,Section Item 2,188
1,Section Item 6,189
2,Section Item 3,189
3,Section Item 2,189
1,Section Item 1,190
2,Section Item 1,190
3,Section Item 6,190
1,Section Item 1,191
2,Section Item 5,191
3,Section Item 6,191
1,Section Item 4,192
2,Section Item 4,192
3,Section Item 1,192
1,Section Item 5,193
2,Section Item 5,193
3,Section Item 1,193
1,Section Item 1,194
2,Section Item 4,194
3,Section Item 5,194
1,Section Item 4,195
2,Section Item 1,195
3,Section Item 1,195
1,Section Item 3,196
2,Section Item 2,196
3,Section Item 1,196
1,Section Item 4,197
2,Section Item 3,197
3,Section Item 3,197
1,Section Item 6,198
2,Section Item 6,198
3,Section Item 2,198
1,Section Item 6,199
2,Section Item 2,199
3,Section Item 2,199
1,Section Item 3,200
2,Section Item 6,200
3,Section Item 1,200
1,Section Item 4,201
2,Section Item 5,201
3,Section Item 5,201
1,Section Item 5,202
2,Section Item 6,202
3,Section Item 4,202
1,Section Item 6,203
2,Section Item 6,203
3,Section Item 6,203
1,Section Item 6,204
2,Section Item 6,204
3,Section Item 2,204
1,Section Item 2,205
2,Section Item 4,205
3,Section Item 4,205
1,Section Item 5,206
2,Section Item 5,206
3,Section Item 6,206
1,Section Item 3,207
2,Section Item 1,207
3,Section Item 2,207
1,Section Item 2,208
2,Section Item 6,208
3,Section Item 1,208
1,Section Item 2,209
2,Section Item 1,209
3,Section Item 2,209
1,Section Item 6,210
2,Section Item 2,210
3,Section Item 3,210
1,Section Item 3,211
2,Section Item 4,211
3,Section Item 2,211
1,Section Item 1,212
2,Section Item 6,212
3,Section Item 4,212
1,Section Item 2,213
2,Section Item 5,213
3,Section Item 2,213
1,Section Item 5,214
2,Section Item 2,214
3,Section Item 6,214
1,Section Item 1,215
2,Section Item 5,215
3,Section Item 6,215
1,Section Item 6,216
2,Section Item 2,216
3,Section Item 1,216
1,Section Item 2,217
2,Section Item 6,217
3,Section Item 3,217
1,Section Item 6,218
2,Section Item 4,218
3,Section Item 6,218
1,Section Item 3,219
2,Section Item 5,219
3,Section Item 4,219
1,Section Item 5,220
2,Section Item 3,220
3,Section Item 6,220
1,Section Item 6,221
2,Section Item 1,221
3,Section Item 3,221
1,Section Item 3,222
2,Section Item 1,222
3,Section Item 5,222
1,Section Item 3,223
2,Section Item 2,223
3,Section Item 1,223
1,Section Item 6,224
2,Section Item 1,224
3,Section Item 1,224
1,Section Item 6,225
2,Section Item 6,225
3,Section Item 5,225
1,Section Item 2,226
2,Section Item 3,226
3,Section Item 1,226
1,Section Item 5,227
2,Section Item 1,227
3,Section Item 1,227
1,Section Item 1,228
2,Section Item 6,228
3,Section Item 5,228
1,Section Item 1,229
2,Section Item 1,229
3,Section Item 5,229
1,Section Item 6,230
2,Section Item 3,230
3,Section Item 4,230
1,Section Item 4,231
2,Section Item 4,231
3,Section Item 2,231
1,Section Item 3,232
2,Section Item 2,232
3,Section Item 4,232
1,Section Item 1,233
2,Section Item 1,233
3,Section Item 3,233
1,Section Item 4,234
2,Section Item 6,234
3,Section Item 5,234
1,Section Item 3,235
2,Section Item 5,235
3,Section Item 6,235
1,Section Item 1,236
2,Section Item 5,236
3,Section Item 4,236
1,Section Item 3,237
2,Section Item 1,237
3,Section Item 4,237
1,Section Item 4,238
2,Section Item 6,238
3,Section Item 6,238
1,Section Item 4,239
2,Section Item 6,239
3,Section Item 3,239
1,Section Item 4,240
2,Section Item 1,240
3,Section Item 3,240
1,Section Item 4,241
2,Section Item 2,241
3,Section Item 5,241
1,Section Item 6,242
2,Section Item 5,242
3,Section Item 5,242
1,Section Item 1,243
2,Section Item 6,243
3,Section Item 5,243
1,Section Item 3,244
2,Section Item 6,244
3,Section Item 4,244
1,Section Item 2,245
2,Section Item 6,245
3,Section Item 4,245
1,Section Item 1,246
2,Section Item 6,246
3,Section Item 1,246
1,Section Item 2,247
2,Section Item 5,247
3,Section Item 1,247
1,Section Item 5,248
2,Section Item 6,248
3,Section Item 5,248
1,Section Item 2,249
2,Section Item 6,249
3,Section Item 2,249
1,Section Item 6,250
2,Section Item 5,250
3,Section Item 4,250
1,Section Item 6,251
2,Section Item 3,251
3,Section Item 3,251
1,Section Item 5,252
2,Section Item 1,252
3,Section Item 2,252
1,Section Item 1,253
2,Section Item 1,253
3,Section Item 5,253
1,Section Item 5,254
2,Section Item 5,254
3,Section Item 1,254
1,Section Item 1,255
2,Section Item 6,255
3,Section Item 3,255
1,Section Item 2,256
2,Section Item 3,256
3,Section Item 5,256
1,Section Item 6,257
2,Section Item 3,257
3,Section Item 3,257
1,Section Item 5,258
2,Section Item 1,258
3,Section Item 6,258
1,Section Item 4,259
2,Section Item 4,259
3,Section Item 5,259
1,Section Item 6,260
2,Section Item 6,260
3,Section Item 2,260
1,Section Item 2,261
2,Section Item 6,261
3,Section Item 6,261
1,Section Item 1,262
2,Section Item 2,262
3,Section Item 6,262
1,Section Item 4,263
2,Section Item 3,263
3,Section Item 5,263
1,Section Item 3,264
2,Section Item 1,264
3,Section Item 1,264
1,Section Item 3,265
2,Section Item 1,265
3,Section Item 1,265
1,Section Item 1,266
2,Section Item 1,266
3,Section Item 3,266
1,Section Item 4,267
2,Section Item 3,267
3,Section Item 5,267
1,Section Item 4,268
2,Section Item 4,268
3,Section Item 1,268
1,Section Item 4,269
2,Section Item 5,269
3,Section Item 1,269
1,Section Item 6,270
2,Section Item 1,270
3,Section Item 2,270
1,Section Item 6,271
2,Section Item 1,271
3,Section Item 6,271
1,Section Item 1,272
2,Section Item 3,272
3,Section Item 2,272
1,Section Item 2,273
2,Section Item 4,273
3,Section Item 2,273
1,Section Item 5,274
2,Section Item 3,274
3,Section Item 6,274
1,Section Item 1,275
2,Section Item 2,275
3,Section Item 2,275
1,Section Item 3,276
2,Section Item 6,276
3,Section Item 6,276
1,Section Item 4,277
2,Section Item 5,277
3,Section Item 6,277
1,Section Item 3,278
2,Section Item 1,278
3,Section Item 4,278
1,Section Item 2,279
2,Section Item 3,279
3,Section Item 4,279
1,Section Item 6,280
2,Section Item 6,280
3,Section Item 5,280
1,Section Item 1,281
2,Section Item 4,281
3,Section Item 1,281
1,Section Item 5,282
2,Section Item 2,282
3,Section Item 5,282
1,Section Item 5,283
2,Section Item 5,283
3,Section Item 2,283
1,Section Item 5,284
2,Section Item 1,284
3,Section Item 2,284
1,Section Item 5,285
2,Section Item 4,285
3,Section Item 4,285
1,Section Item 3,286
2,Section Item 2,286
3,Section Item 6,286
1,Section Item 4,287
2,Section Item 6,287
3,Section Item 4,287
1,Section Item 4,288
2,Section Item 4,288
3,Section Item 4,288
1,Section Item 4,289
2,Section Item 2,289
3,Section Item 4,289
1,Section Item 6,290
2,Section Item 5,290
3,Section Item 2,290
1,Section Item 5,291
2,Section Item 6,291
3,Section Item 4,291
1,Section Item 3,292
2,Section Item 5,292
3,Section Item 4,292
1,Section Item 2,293
2,Section Item 4,293
3,Section Item 1,293
1,Section Item 3,294
2,Section Item 6,294
3,Section Item 4,294
1,Section Item 6,295
2,Section Item 2,295
3,Section Item 1,295
1,Section Item 1,296
2,Section Item 1,296
3,Section Item 5,296
1,Section Item 2,297
2,Section Item 1,297
3,Section Item 5,297
1,Section Item 5,298
2,Section Item 1,298
3,Section Item 1,298
1,Section Item 1,299
2,Section Item 6,299
3,Section Item 4,299
1,Section Item 6,300
2,Section Item 2,300
3,Section Item 6,300
1,Section Item 1,301
2,Section Item 2,301
3,Section Item 4,301
1,Section Item 1,302
2,Section Item 6,302
3,Section Item 3,302
1,Section Item 4,303
2,Section Item 6,303
3,Section Item 3,303
1,Section Item 3,304
2,Section Item 1,304
3,Section Item 4,304
1,Section Item 5,305
2,Section Item 4,305
3,Section Item 5,305
1,Section Item 2,306
2,Section Item 5,306
3,Section Item 5,306
1,Section Item 3,307
2,Section Item 1,307
3,Section Item 4,307
1,Section Item 2,308
2,Section Item 6,308
3,Section Item 6,308
1,Section Item 2,309
2,Section Item 5,309
3,Section Item 1,309
1,Section Item 4,310
2,Section Item 3,310
3,Section Item 3,310
1,Section Item 6,311
2,Section Item 5,311
3,Section Item 4,311
1,Section Item 1,312
2,Section Item 3,312
3,Section Item 3,312
1,Section Item 1,313
2,Section Item 4,313
3,Section Item 2,313
1,Section Item 3,314
2,Section Item 5,314
3,Section Item 1,314
1,Section Item 6,315
2,Section Item 2,315
3,Section Item 2,315
1,Section Item 3,316
2,Section Item 4,316
3,Section Item 2,316
1,Section Item 4,317
2,Section Item 1,317
3,Section Item 3,317
1,Section Item 5,318
2,Section Item 1,318
3,Section Item 5,318
1,Section Item 5,319
2,Section Item 3,319
3,Section Item 4,319
1,Section Item 1,320
2,Section Item 1,320
3,Section Item 5,320
1,Section Item 1,321
2,Section Item 6,321
3,Section Item 4,321
1,Section Item 2,322
2,Section Item 2,322
3,Section Item 6,322
1,Section Item 6,323
2,Section Item 2,323
3,Section Item 3,323
1,Section Item 6,324
2,Section Item 6,324
3,Section Item 3,324
1,Section Item 1,325
2,Section Item 4,325
3,Section Item 5,325
1,Section Item 6,326
2,Section Item 2,326
3,Section Item 4,326
1,Section Item 6,327
2,Section Item 2,327
3,Section Item 5,327
1,Section Item 2,328
2,Section Item 4,328
3,Section Item 2,328
1,Section Item 4,329
2,Section Item 3,329
3,Section Item 2,329
1,Section Item 4,330
2,Section Item 5,330
3,Section Item 5,330
1,Section Item 5,331
2,Section Item 5,331
3,Section Item 4,331
1,Section Item 5,332
2,Section Item 3,332
3,Section Item 3,332
1,Section Item 5,333
2,Section Item 1,333
3,Section Item 1,333
1,Section Item 6,334
2,Section Item 2,334
3,Section Item 6,334
1,Section Item 1,335
2,Section Item 5,335
3,Section Item 2,335
1,Section Item 2,336
2,Section Item 2,336
3,Section Item 2,336
1,Section Item 4,337
2,Section Item 5,337
3,Section Item 3,337
1,Section Item 1,338
2,Section Item 4,338
3,Section Item 2,338
1,Section Item 3,339
2,Section Item 2,339
3,Section Item 3,339
1,Section Item 5,340
2,Section Item 2,340
3,Section Item 1,340
1,Section Item 4,341
2,Section Item 6,341
3,Section Item 1,341
1,Section Item 6,342
2,Section Item 4,342
3,Section Item 4,342
1,Section Item 1,343
2,Section Item 1,343
3,Section Item 1,343
1,Section Item 6,344
2,Section Item 4,344
3,Section Item 3,344
1,Section Item 6,345
2,Section Item 4,345
3,Section Item 3,345
1,Section Item 5,346
2,Section Item 4,346
3,Section Item 3,346
1,Section Item 4,347
2,Section Item 1,347
3,Section Item 5,347
1,Section Item 3,348
2,Section Item 2,348
3,Section Item 2,348
1,Section Item 4,349
2,Section Item 6,349
3,Section Item 3,349
1,Section Item 1,350
2,Section Item 5,350
3,Section Item 6,350
1,Section Item 4,351
2,Section Item 2,351
3,Section Item 5,351
1,Section Item 3,352
2,Section Item 2,352
3,Section Item 6,352
1,Section Item 2,353
2,Section Item 6,353
3,Section Item 5,353
1,Section Item 6,354
2,Section Item 4,354
3,Section Item 3,354
1,Section Item 5,355
2,Section Item 6,355
3,Section Item 4,355
1,Section Item 5,356
2,Section Item 6,356
3,Section Item 3,356
1,Section Item 1,357
2,Section Item 5,357
3,Section Item 1,357
1,Section Item 1,358
2,Section Item 1,358
3,Section Item 3,358
1,Section Item 5,359
2,Section Item 2,359
3,Section Item 2,359
1,Section Item 2,360
2,Section Item 1,360
3,Section Item 5,360
1,Section Item 1,361
2,Section Item 4,361
3,Section Item 5,361
1,Section Item 6,362
2,Section Item 2,362
3,Section Item 5,362
1,Section Item 2,363
2,Section Item 2,363
3,Section Item 3,363
1,Section Item 1,364
2,Section Item 1,364
3,Section Item 2,364
1,Section Item 4,365
2,Section Item 4,365
3,Section Item 2,365
1,Section Item 2,366
2,Section Item 1,366
3,Section Item 5,366
1,Section Item 2,367
2,Section Item 5,367
3,Section Item 5,367
1,Section Item 1,368
2,Section Item 6,368
3,Section Item 6,368
1,Section Item 2,369
2,Section Item 6,369
3,Section Item 6,369
1,Section Item 2,370
2,Section Item 6,370
3,Section Item 4,370
1,Section Item 2,371
2,Section Item 2,371
3,Section Item 3,371
1,Section Item 2,372
2,Section Item 2,372
3,Section Item 3,372
1,Section Item 6,373
2,Section Item 5,373
3,Section Item 3,373
1,Section Item 4,374
2,Section Item 5,374
3,Section Item 1,374
1,Section Item 3,375
2,Section Item 3,375
3,Section Item 1,375
1,Section Item 5,376
2,Section Item 2,376
3,Section Item 5,376
1,Section Item 3,377
2,Section Item 3,377
3,Section Item 1,377
1,Section Item 1,378
2,Section Item 3,378
3,Section Item 3,378
1,Section Item 5,379
2,Section Item 4,379
3,Section Item 2,379
1,Section Item 5,380
2,Section Item 1,380
3,Section Item 3,380
1,Section Item 5,381
2,Section Item 6,381
3,Section Item 6,381
1,Section Item 6,382
2,Section Item 5,382
3,Section Item 4,382
1,Section Item 1,383
2,Section Item 5,383
3,Section Item 6,383
1,Section Item 6,384
2,Section Item 6,384
3,Section Item 2,384
1,Section Item 3,385
2,Section Item 4,385
3,Section Item 3,385
1,Section Item 6,386
2,Section Item 1,386
3,Section Item 5,386
1,Section Item 5,387
2,Section Item 1,387
3,Section Item 2,387
1,Section Item 5,388
2,Section Item 3,388
3,Section Item 1,388
1,Section Item 1,389
2,Section Item 4,389
3,Section Item 1,389
1,Section Item 1,390
2,Section Item 6,390
3,Section Item 4,390
1,Section Item 5,391
2,Section Item 4,391
3,Section Item 4,391
1,Section Item 2,392
2,Section Item 2,392
3,Section Item 1,392
1,Section Item 6,393
2,Section Item 5,393
3,Section Item 2,393
1,Section Item 5,394
2,Section Item 3,394
3,Section Item 2,394
1,Section Item 2,395
2,Section Item 5,395
3,Section Item 2,395
1,Section Item 3,396
2,Section Item 2,396
3,Section Item 4,396
1,Section Item 3,397
2,Section Item 5,397
3,Section Item 4,397
1,Section Item 5,398
2,Section Item 4,398
3,Section Item 5,398
1,Section Item 6,399
2,Section Item 6,399
3,Section Item 3,399
1,Section Item 5,400
2,Section Item 4,400
3,Section Item 2,400
1,Section Item 6,401
2,Section Item 1,401
3,Section Item 4,401
1,Section Item 3,402
2,Section Item 1,402
3,Section Item 2,402
1,Section Item 5,403
2,Section Item 1,403
3,Section Item 2,403
1,Section Item 3,404
2,Section Item 3,404
3,Section Item 5,404
1,Section Item 6,405
2,Section Item 2,405
3,Section Item 4,405
1,Section Item 3,406
2,Section Item 2,406
3,Section Item 2,406
1,Section Item 4,407
2,Section Item 3,407
3,Section Item 6,407
1,Section Item 2,408
2,Section Item 6,408
3,Section Item 4,408
1,Section Item 2,409
2,Section Item 4,409
3,Section Item 3,409
1,Section Item 2,410
2,Section Item 4,410
3,Section Item 4,410
1,Section Item 3,411
2,Section Item 3,411
3,Section Item 6,411
1,Section Item 4,412
2,Section Item 3,412
3,Section Item 3,412
1,Section Item 2,413
2,Section Item 6,413
3,Section Item 6,413
1,Section Item 6,414
2,Section Item 3,414
3,Section Item 2,414
1,Section Item 2,415
2,Section Item 1,415
3,Section Item 6,415
1,Section Item 6,416
2,Section Item 1,416
3,Section Item 3,416
1,Section Item 6,417
2,Section Item 1,417
3,Section Item 6,417
1,Section Item 2,418
2,Section Item 3,418
3,Section Item 1,418
1,Section Item 2,419
2,Section Item 3,419
3,Section Item 6,419
1,Section Item 2,420
2,Section Item 5,420
3,Section Item 4,420
1,Section Item 1,421
2,Section Item 5,421
3,Section Item 2,421
1,Section Item 3,422
2,Section Item 1,422
3,Section Item 6,422
1,Section Item 1,423
2,Section Item 3,423
3,Section Item 3,423
1,Section Item 1,424
2,Section Item 1,424
3,Section Item 5,424
1,Section Item 4,425
2,Section Item 3,425
3,Section Item 6,425
1,Section Item 2,426
2,Section Item 3,426
3,Section Item 3,426
1,Section Item 2,427
2,Section Item 3,427
3,Section Item 3,427
1,Section Item 1,428
2,Section Item 4,428
3,Section Item 1,428
1,Section Item 5,429
2,Section Item 1,429
3,Section Item 3,429
1,Section Item 3,430
2,Section Item 6,430
3,Section Item 3,430
1,Section Item 2,431
2,Section Item 6,431
3,Section Item 2,431
1,Section Item 3,432
2,Section Item 1,432
3,Section Item 5,432
1,Section Item 5,433
2,Section Item 4,433
3,Section Item 3,433
1,Section Item 5,434
2,Section Item 4,434
3,Section Item 6,434
1,Section Item 1,435
2,Section Item 2,435
3,Section Item 3,435
1,Section Item 2,436
2,Section Item 6,436
3,Section Item 1,436
1,Section Item 6,437
2,Section Item 6,437
3,Section Item 6,437
1,Section Item 1,438
2,Section Item 3,438
3,Section Item 6,438
1,Section Item 3,439
2,Section Item 3,439
3,Section Item 6,439
1,Section Item 5,440
2,Section Item 1,440
3,Section Item 3,440
1,Section Item 4,441
2,Section Item 1,441
3,Section Item 2,441
1,Section Item 3,442
2,Section Item 1,442
3,Section Item 2,442
1,Section Item 3,443
2,Section Item 6,443
3,Section Item 5,443
1,Section Item 1,444
2,Section Item 2,444
3,Section Item 3,444
1,Section Item 1,445
2,Section Item 5,445
3,Section Item 5,445
1,Section Item 3,446
2,Section Item 4,446
3,Section Item 1,446
1,Section Item 6,447
2,Section Item 3,447
3,Section Item 6,447
1,Section Item 6,448
2,Section Item 5,448
3,Section Item 6,448
1,Section Item 5,449
2,Section Item 1,449
3,Section Item 3,449
1,Section Item 5,450
2,Section Item 1,450
3,Section Item 1,450
1,Section Item 3,451
2,Section Item 1,451
3,Section Item 2,451
1,Section Item 6,452
2,Section Item 6,452
3,Section Item 6,452
1,Section Item 1,453
2,Section Item 4,453
3,Section Item 2,453
1,Section Item 6,454
2,Section Item 2,454
3,Section Item 6,454
1,Section Item 4,455
2,Section Item 2,455
3,Section Item 1,455
1,Section Item 6,456
2,Section Item 4,456
3,Section Item 4,456
1,Section Item 3,457
2,Section Item 6,457
3,Section Item 5,457
1,Section Item 3,458
2,Section Item 5,458
3,Section Item 5,458
1,Section Item 3,459
2,Section Item 5,459
3,Section Item 5,459
1,Section Item 3,460
2,Section Item 6,460
3,Section Item 3,460
1,Section Item 3,461
2,Section Item 6,461
3,Section Item 5,461
1,Section Item 5,462
2,Section Item 4,462
3,Section Item 1,462
1,Section Item 5,463
2,Section Item 2,463
3,Section Item 2,463
1,Section Item 5,464
2,Section Item 2,464
3,Section Item 6,464
1,Section Item 2,465
2,Section Item 5,465
3,Section Item 2,465
1,Section Item 2,466
2,Section Item 1,466
3,Section Item 1,466
1,Section Item 4,467
2,Section Item 1,467
3,Section Item 4,467
1,Section Item 6,468
2,Section Item 6,468
3,Section Item 5,468
1,Section Item 4,469
2,Section Item 6,469
3,Section Item 1,469
1,Section Item 4,470
2,Section Item 6,470
3,Section Item 6,470
1,Section Item 5,471
2,Section Item 2,471
3,Section Item 4,471
1,Section Item 2,472
2,Section Item 5,472
3,Section Item 1,472
1,Section Item 6,473
2,Section Item 5,473
3,Section Item 6,473
1,Section Item 1,474
2,Section Item 5,474
3,Section Item 1,474
1,Section Item 2,475
2,Section Item 6,475
3,Section Item 5,475
1,Section Item 2,476
2,Section Item 5,476
3,Section Item 3,476
1,Section Item 3,477
2,Section Item 5,477
3,Section Item 5,477
1,Section Item 3,478
2,Section Item 3,478
3,Section Item 6,478
1,Section Item 2,479
2,Section Item 5,479
3,Section Item 6,479
1,Section Item 5,480
2,Section Item 3,480
3,Section Item 1,480
1,Section Item 4,481
2,Section Item 2,481
3,Section Item 2,481
1,Section Item 2,482
2,Section Item 6,482
3,Section Item 6,482
1,Section Item 2,483
2,Section Item 3,483
3,Section Item 2,483
1,Section Item 4,484
2,Section Item 2,484
3,Section Item 3,484
1,Section Item 5,485
2,Section Item 6,485
3,Section Item 6,485
1,Section Item 2,486
2,Section Item 6,486
3,Section Item 1,486
1,Section Item 5,487
2,Section Item 4,487
3,Section Item 2,487
1,Section Item 4,488
2,Section Item 3,488
3,Section Item 2,488
1,Section Item 3,489
2,Section Item 6,489
3,Section Item 4,489
1,Section Item 4,490
2,Section Item 2,490
3,Section Item 3,490
1,Section Item 1,491
2,Section Item 3,491
3,Section Item 5,491
1,Section Item 6,492
2,Section Item 5,492
3,Section Item 6,492
1,Section Item 1,493
2,Section Item 2,493
3,Section Item 6,493
1,Section Item 2,494
2,Section Item 4,494
3,Section Item 2,494
1,Section Item 6,495
2,Section Item 4,495
3,Section Item 2,495
1,Section Item 6,496
2,Section Item 4,496
3,Section Item 6,496
1,Section Item 1,497
2,Section Item 2,497
3,Section Item 4,497
1,Section Item 5,498
2,Section Item 1,498
3,Section Item 5,498
1,Section Item 4,499
2,Section Item 6,499
3,Section Item 2,499
1,Section Item 5,500
2,Section Item 1,500
3,Section Item 2,500
1,Section Item 5,501
2,Section Item 6,501
3,Section Item 6,501
1,Section Item 4,502
2,Section Item 3,502
3,Section Item 2,502
1,Section Item 1,503
2,Section Item 4,503
3,Section Item 4,503
1,Section Item 5,504
2,Section Item 6,504
3,Section Item 4,504
1,Section Item 5,505
2,Section Item 6,505
3,Section Item 6,505
1,Section Item 6,506
2,Section Item 2,506
3,Section Item 4,506
1,Section Item 5,507
2,Section Item 2,507
3,Section Item 6,507
1,Section Item 4,508
2,Section Item 5,508
3,Section Item 1,508
1,Section Item 1,509
2,Section Item 4,509
3,Section Item 1,509
1,Section Item 5,510
2,Section Item 6,510
3,Section Item 1,510
1,Section Item 5,511
2,Section Item 4,511
3,Section Item 1,511
1,Section Item 3,512
2,Section Item 3,512
3,Section Item 5,512
1,Section Item 6,513
2,Section Item 5,513
3,Section Item 6,513
1,Section Item 4,514
2,Section Item 4,514
3,Section Item 3,514
1,Section Item 1,515
2,Section Item 1,515
3,Section Item 2,515
1,Section Item 1,516
2,Section Item 2,516
3,Section Item 6,516
1,Section Item 6,517
2,Section Item 5,517
3,Section Item 2,517
1,Section Item 5,518
2,Section Item 4,518
3,Section Item 4,518
1,Section Item 5,519
2,Section Item 2,519
3,Section Item 3,519
1,Section Item 2,520
2,Section Item 2,520
3,Section Item 5,520
1,Section Item 2,521
2,Section Item 3,521
3,Section Item 6,521
1,Section Item 4,522
2,Section Item 4,522
3,Section Item 4,522
1,Section Item 5,523
2,Section Item 3,523
3,Section Item 2,523
1,Section Item 3,524
2,Section Item 6,524
3,Section Item 2,524
1,Section Item 1,525
2,Section Item 5,525
3,Section Item 5,525
1,Section Item 3,526
2,Section Item 4,526
3,Section Item 2,526
1,Section Item 6,527
2,Section Item 1,527
3,Section Item 6,527
1,Section Item 4,528
2,Section Item 2,528
3,Section Item 3,528
1,Section Item 5,529
2,Section Item 1,529
3,Section Item 5,529
1,Section Item 6,530
2,Section Item 3,530
3,Section Item 6,530
1,Section Item 1,531
2,Section Item 3,531
3,Section Item 2,531
1,Section Item 2,532
2,Section Item 2,532
3,Section Item 4,532
1,Section Item 2,533
2,Section Item 1,533
3,Section Item 2,533
1,Section Item 3,534
2,Section Item 6,534
3,Section Item 4,534
1,Section Item 6,535
2,Section Item 1,535
3,Section Item 3,535
1,Section Item 5,536
2,Section Item 6,536
3,Section Item 2,536
1,Section Item 3,537
2,Section Item 3,537
3,Section Item 6,537
1,Section Item 3,538
2,Section Item 6,538
3,Section Item 6,538
1,Section Item 1,539
2,Section Item 1,539
3,Section Item 6,539
1,Section Item 1,540
2,Section Item 5,540
3,Section Item 6,540
1,Section Item 2,541
2,Section Item 5,541
3,Section Item 1,541
1,Section Item 1,542
2,Section Item 2,542
3,Section Item 1,542
1,Section Item 5,543
2,Section Item 6,543
3,Section Item 4,543
1,Section Item 6,544
2,Section Item 5,544
3,Section Item 1,544
1,Section Item 3,545
2,Section Item 6,545
3,Section Item 5,545
1,Section Item 1,546
2,Section Item 1,546
3,Section Item 2,546
1,Section Item 2,547
2,Section Item 6,547
3,Section Item 3,547
1,Section Item 5,548
2,Section Item 3,548
3,Section Item 3,548
1,Section Item 4,549
2,Section Item 6,549
3,Section Item 1,549
1,Section Item 2,550
2,Section Item 4,550
3,Section Item 4,550
1,Section Item 6,551
2,Section Item 2,551
3,Section Item 4,551
1,Section Item 1,552
2,Section Item 3,552
3,Section Item 1,552
1,Section Item 4,553
2,Section Item 5,553
3,Section Item 2,553
1,Section Item 6,554
2,Section Item 1,554
3,Section Item 6,554
1,Section Item 3,555
2,Section Item 2,555
3,Section Item 6,555
1,Section Item 6,556
2,Section Item 6,556
3,Section Item 1,556
1,Section Item 2,557
2,Section Item 5,557
3,Section Item 3,557
1,Section Item 2,558
2,Section Item 2,558
3,Section Item 6,558
1,Section Item 2,559
2,Section Item 5,559
3,Section Item 3,559
1,Section Item 4,560
2,Section Item 2,560
3,Section Item 5,560
1,Section Item 1,561
2,Section Item 3,561
3,Section Item 6,561
1,Section Item 4,562
2,Section Item 1,562
3,Section Item 4,562
1,Section Item 5,563
2,Section Item 2,563
3,Section Item 4,563
1,Section Item 5,564
2,Section Item 5,564
3,Section Item 6,564
1,Section Item 6,565
2,Section Item 1,565
3,Section Item 6,565
1,Section Item 2,566
2,Section Item 1,566
3,Section Item 2,566
1,Section Item 2,567
2,Section Item 1,567
3,Section Item 3,567
1,Section Item 4,568
2,Section Item 3,568
3,Section Item 2,568
1,Section Item 1,569
2,Section Item 6,569
3,Section Item 1,569
1,Section Item 6,570
2,Section Item 2,570
3,Section Item 3,570
1,Section Item 1,571
2,Section Item 4,571
3,Section Item 2,571
1,Section Item 2,572
2,Section Item 5,572
3,Section Item 3,572
1,Section Item 1,573
2,Section Item 4,573
3,Section Item 2,573
1,Section Item 2,574
2,Section Item 2,574
3,Section Item 4,574
1,Section Item 6,575
2,Section Item 3,575
3,Section Item 1,575
1,Section Item 6,576
2,Section Item 4,576
3,Section Item 4,576
1,Section Item 3,577
2,Section Item 6,577
3,Section Item 4,577
1,Section Item 2,578
2,Section Item 4,578
3,Section Item 3,578
1,Section Item 5,579
2,Section Item 6,579
3,Section Item 4,579
1,Section Item 4,580
2,Section Item 1,580
3,Section Item 1,580
1,Section Item 5,581
2,Section Item 5,581
3,Section Item 2,581
1,Section Item 4,582
2,Section Item 2,582
3,Section Item 1,582
1,Section Item 3,583
2,Section Item 4,583
3,Section Item 1,583
1,Section Item 2,584
2,Section Item 6,584
3,Section Item 3,584
1,Section Item 4,585
2,Section Item 5,585
3,Section Item 6,585
1,Section Item 5,586
2,Section Item 3,586
3,Section Item 3,586
1,Section Item 4,587
2,Section Item 2,587
3,Section Item 2,587
1,Section Item 5,588
2,Section Item 5,588
3,Section Item 4,588
1,Section Item 4,589
2,Section Item 2,589
3,Section Item 4,589
1,Section Item 4,590
2,Section Item 5,590
3,Section Item 5,590
1,Section Item 3,591
2,Section Item 2,591
3,Section Item 6,591
1,Section Item 2,592
2,Section Item 2,592
3,Section Item 3,592
1,Section Item 2,593
2,Section Item 1,593
3,Section Item 4,593
1,Section Item 3,594
2,Section Item 3,594
3,Section Item 1,594
1,Section Item 1,595
2,Section Item 2,595
3,Section Item 4,595
1,Section Item 3,596
2,Section Item 3,596
3,Section Item 4,596
1,Section Item 3,597
2,Section Item 1,597
3,Section Item 3,597
1,Section Item 2,598
2,Section Item 3,598
3,Section Item 5,598
1,Section Item 6,599
2,Section Item 1,599
3,Section Item 6,599
1,Section Item 3,600
2,Section Item 2,600
3,Section Item 6,600
1,Section Item 1,601
2,Section Item 4,601
3,Section Item 4,601
1,Section Item 4,602
2,Section Item 5,602
3,Section Item 2,602
1,Section Item 6,603
2,Section Item 5,603
3,Section Item 5,603
1,Section Item 4,604
2,Section Item 1,604
3,Section Item 5,604
1,Section Item 6,605
2,Section Item 5,605
3,Section Item 5,605
1,Section Item 1,606
2,Section Item 5,606
3,Section Item 4,606
1,Section Item 6,607
2,Section Item 1,607
3,Section Item 5,607
1,Section Item 6,608
2,Section Item 1,608
3,Section Item 1,608
1,Section Item 4,609
2,Section Item 2,609
3,Section Item 5,609
1,Section Item 4,610
2,Section Item 2,610
3,Section Item 3,610
1,Section Item 4,611
2,Section Item 3,611
3,Section Item 4,611
1,Section Item 6,612
2,Section Item 1,612
3,Section Item 2,612
1,Section Item 2,613
2,Section Item 6,613
3,Section Item 4,613
1,Section Item 3,614
2,Section Item 5,614
3,Section Item 5,614
1,Section Item 5,615
2,Section Item 2,615
3,Section Item 5,615
1,Section Item 5,616
2,Section Item 6,616
3,Section Item 1,616
1,Section Item 2,617
2,Section Item 2,617
3,Section Item 4,617
1,Section Item 2,618
2,Section Item 2,618
3,Section Item 4,618
1,Section Item 3,619
2,Section Item 4,619
3,Section Item 6,619
1,Section Item 1,620
2,Section Item 2,620
3,Section Item 1,620
1,Section Item 3,621
2,Section Item 1,621
3,Section Item 2,621
1,Section Item 5,622
2,Section Item 6,622
3,Section Item 3,622
1,Section Item 5,623
2,Section Item 5,623
3,Section Item 6,623
1,Section Item 1,624
2,Section Item 5,624
3,Section Item 2,624
1,Section Item 4,625
2,Section Item 2,625
3,Section Item 5,625
1,Section Item 5,626
2,Section Item 1,626
3,Section Item 6,626
1,Section Item 4,627
2,Section Item 4,627
3,Section Item 5,627
1,Section Item 2,628
2,Section Item 2,628
3,Section Item 4,628
1,Section Item 3,629
2,Section Item 4,629
3,Section Item 3,629
1,Section Item 6,630
2,Section Item 4,630
3,Section Item 3,630
1,Section Item 1,631
2,Section Item 6,631
3,Section Item 3,631
1,Section Item 6,632
2,Section Item 2,632
3,Section Item 1,632
1,Section Item 4,633
2,Section Item 3,633
3,Section Item 5,633
1,Section Item 6,634
2,Section Item 1,634
3,Section Item 3,634
1,Section Item 4,635
2,Section Item 3,635
3,Section Item 3,635
1,Section Item 6,636
2,Section Item 1,636
3,Section Item 1,636
1,Section Item 2,637
2,Section Item 4,637
3,Section Item 3,637
1,Section Item 4,638
2,Section Item 1,638
3,Section Item 1,638
1,Section Item 4,639
2,Section Item 4,639
3,Section Item 5,639
1,Section Item 6,640
2,Section Item 5,640
3,Section Item 6,640
1,Section Item 4,641
2,Section Item 3,641
3,Section Item 2,641
1,Section Item 3,642
2,Section Item 5,642
3,Section Item 4,642
1,Section Item 2,643
2,Section Item 6,643
3,Section Item 5,643
1,Section Item 4,644
2,Section Item 4,644
3,Section Item 6,644
1,Section Item 3,645
2,Section Item 4,645
3,Section Item 6,645
1,Section Item 1,646
2,Section Item 4,646
3,Section Item 5,646
1,Section Item 5,647
2,Section Item 6,647
3,Section Item 5,647
1,Section Item 4,648
2,Section Item 1,648
3,Section Item 4,648
1,Section Item 5,649
2,Section Item 1,649
3,Section Item 5,649
1,Section Item 5,650
2,Section Item 6,650
3,Section Item 5,650
1,Section Item 1,651
2,Section Item 3,651
3,Section Item 1,651
1,Section Item 5,652
2,Section Item 1,652
3,Section Item 2,652
1,Section Item 3,653
2,Section Item 1,653
3,Section Item 5,653
1,Section Item 6,654
2,Section Item 6,654
3,Section Item 5,654
1,Section Item 4,655
2,Section Item 2,655
3,Section Item 1,655
1,Section Item 3,656
2,Section Item 2,656
3,Section Item 2,656
1,Section Item 6,657
2,Section Item 1,657
3,Section Item 3,657
1,Section Item 4,658
2,Section Item 3,658
3,Section Item 1,658
1,Section Item 2,659
2,Section Item 2,659
3,Section Item 2,659
1,Section Item 2,660
2,Section Item 2,660
3,Section Item 5,660
1,Section Item 3,661
2,Section Item 2,661
3,Section Item 1,661
1,Section Item 5,662
2,Section Item 4,662
3,Section Item 6,662
1,Section Item 4,663
2,Section Item 3,663
3,Section Item 5,663
1,Section Item 2,664
2,Section Item 6,664
3,Section Item 4,664
1,Section Item 3,665
2,Section Item 6,665
3,Section Item 2,665
1,Section Item 5,666
2,Section Item 3,666
3,Section Item 2,666
1,Section Item 6,667
2,Section Item 1,667
3,Section Item 6,667
1,Section Item 1,668
2,Section Item 2,668
3,Section Item 4,668
1,Section Item 6,669
2,Section Item 1,669
3,Section Item 6,669
1,Section Item 1,670
2,Section Item 1,670
3,Section Item 4,670
1,Section Item 2,671
2,Section Item 5,671
3,Section Item 4,671
1,Section Item 5,672
2,Section Item 5,672
3,Section Item 6,672
1,Section Item 4,673
2,Section Item 2,673
3,Section Item 4,673
1,Section Item 5,674
2,Section Item 2,674
3,Section Item 4,674
1,Section Item 3,675
2,Section Item 6,675
3,Section Item 6,675
1,Section Item 4,676
2,Section Item 5,676
3,Section Item 6,676
1,Section Item 6,677
2,Section Item 2,677
3,Section Item 1,677
1,Section Item 4,678
2,Section Item 4,678
3,Section Item 1,678
1,Section Item 3,679
2,Section Item 1,679
3,Section Item 3,679
1,Section Item 6,680
2,Section Item 3,680
3,Section Item 4,680
1,Section Item 4,681
2,Section Item 1,681
3,Section Item 2,681
1,Section Item 4,682
2,Section Item 6,682
3,Section Item 4,682
1,Section Item 1,683
2,Section Item 4,683
3,Section Item 2,683
1,Section Item 6,684
2,Section Item 2,684
3,Section Item 2,684
1,Section Item 1,685
2,Section Item 2,685
3,Section Item 5,685
1,Section Item 2,686
2,Section Item 4,686
3,Section Item 4,686
1,Section Item 2,687
2,Section Item 6,687
3,Section Item 4,687
1,Section Item 1,688
2,Section Item 6,688
3,Section Item 1,688
1,Section Item 6,689
2,Section Item 3,689
3,Section Item 4,689
1,Section Item 5,690
2,Section Item 6,690
3,Section Item 4,690
1,Section Item 5,691
2,Section Item 6,691
3,Section Item 1,691
1,Section Item 2,692
2,Section Item 3,692
3,Section Item 3,692
1,Section Item 2,693
2,Section Item 2,693
3,Section Item 5,693
1,Section Item 5,694
2,Section Item 6,694
3,Section Item 3,694
1,Section Item 3,695
2,Section Item 5,695
3,Section Item 1,695
1,Section Item 3,696
2,Section Item 3,696
3,Section Item 4,696
1,Section Item 6,697
2,Section Item 3,697
3,Section Item 2,697
1,Section Item 1,698
2,Section Item 4,698
3,Section Item 2,698
1,Section Item 4,699
2,Section Item 6,699
3,Section Item 4,699
1,Section Item 5,700
2,Section Item 5,700
3,Section Item 6,700
1,Section Item 1,701
2,Section Item 1,701
3,Section Item 5,701
1,Section Item 3,702
2,Section Item 3,702
3,Section Item 5,702
1,Section Item 2,703
2,Section Item 1,703
3,Section Item 6,703
1,Section Item 2,704
2,Section Item 1,704
3,Section Item 4,704
1,Section Item 4,705
2,Section Item 2,705
3,Section Item 2,705
1,Section Item 2,706
2,Section Item 4,706
3,Section Item 3,706
1,Section Item 4,707
2,Section Item 5,707
3,Section Item 5,707
1,Section Item 4,708
2,Section Item 2,708
3,Section Item 1,708
1,Section Item 2,709
2,Section Item 6,709
3,Section Item 3,709
1,Section Item 5,710
2,Section Item 1,710
3,Section Item 5,710
1,Section Item 2,711
2,Section Item 4,711
3,Section Item 3,711
1,Section Item 4,712
2,Section Item 5,712
3,Section Item 2,712
1,Section Item 6,713
2,Section Item 2,713
3,Section Item 3,713
1,Section Item 4,714
2,Section Item 4,714
3,Section Item 4,714
1,Section Item 5,715
2,Section Item 4,715
3,Section Item 1,715
1,Section Item 1,716
2,Section Item 4,716
3,Section Item 5,716
1,Section Item 6,717
2,Section Item 2,717
3,Section Item 4,717
1,Section Item 2,718
2,Section Item 4,718
3,Section Item 6,718
1,Section Item 3,719
2,Section Item 4,719
3,Section Item 3,719
1,Section Item 2,720
2,Section Item 5,720
3,Section Item 4,720
1,Section Item 3,721
2,Section Item 1,721
3,Section Item 4,721
1,Section Item 2,722
2,Section Item 6,722
3,Section Item 3,722
1,Section Item 2,723
2,Section Item 5,723
3,Section Item 1,723
1,Section Item 3,724
2,Section Item 4,724
3,Section Item 4,724
1,Section Item 3,725
2,Section Item 1,725
3,Section Item 5,725
1,Section Item 1,726
2,Section Item 1,726
3,Section Item 6,726
1,Section Item 2,727
2,Section Item 4,727
3,Section Item 6,727
1,Section Item 1,728
2,Section Item 3,728
3,Section Item 2,728
1,Section Item 6,729
2,Section Item 1,729
3,Section Item 5,729
1,Section Item 1,730
2,Section Item 1,730
3,Section Item 1,730
1,Section Item 2,731
2,Section Item 6,731
3,Section Item 4,731
1,Section Item 2,732
2,Section Item 2,732
3,Section Item 5,732
1,Section Item 6,733
2,Section Item 3,733
3,Section Item 4,733
1,Section Item 1,734
2,Section Item 6,734
3,Section Item 1,734
1,Section Item 3,735
2,Section Item 4,735
3,Section Item 1,735
1,Section Item 2,736
2,Section Item 6,736
3,Section Item 3,736
1,Section Item 1,737
2,Section Item 3,737
3,Section Item 6,737
1,Section Item 4,738
2,Section Item 1,738
3,Section Item 4,738
1,Section Item 1,739
2,Section Item 5,739
3,Section Item 1,739
1,Section Item 4,740
2,Section Item 2,740
3,Section Item 4,740
1,Section Item 2,741
2,Section Item 6,741
3,Section Item 4,741
1,Section Item 6,742
2,Section Item 5,742
3,Section Item 2,742
1,Section Item 2,743
2,Section Item 1,743
3,Section Item 2,743
1,Section Item 6,744
2,Section Item 3,744
3,Section Item 2,744
1,Section Item 3,745
2,Section Item 5,745
3,Section Item 4,745
1,Section Item 3,746
2,Section Item 4,746
3,Section Item 3,746
1,Section Item 2,747
2,Section Item 5,747
3,Section Item 4,747
1,Section Item 4,748
2,Section Item 2,748
3,Section Item 6,748
1,Section Item 4,749
2,Section Item 5,749
3,Section Item 3,749
1,Section Item 1,750
2,Section Item 1,750
3,Section Item 5,750
1,Section Item 4,751
2,Section Item 4,751
3,Section Item 4,751
1,Section Item 6,752
2,Section Item 1,752
3,Section Item 5,752
1,Section Item 4,753
2,Section Item 5,753
3,Section Item 6,753
1,Section Item 1,754
2,Section Item 6,754
3,Section Item 4,754
1,Section Item 4,755
2,Section Item 1,755
3,Section Item 3,755
1,Section Item 2,756
2,Section Item 4,756
3,Section Item 4,756
1,Section Item 3,757
2,Section Item 1,757
3,Section Item 1,757
1,Section Item 6,758
2,Section Item 4,758
3,Section Item 4,758
1,Section Item 3,759
2,Section Item 6,759
3,Section Item 5,759
1,Section Item 4,760
2,Section Item 2,760
3,Section Item 3,760
1,Section Item 4,761
2,Section Item 4,761
3,Section Item 6,761
1,Section Item 2,762
2,Section Item 3,762
3,Section Item 2,762
1,Section Item 2,763
2,Section Item 5,763
3,Section Item 3,763
1,Section Item 2,764
2,Section Item 6,764
3,Section Item 2,764
1,Section Item 3,765
2,Section Item 1,765
3,Section Item 3,765
1,Section Item 6,766
2,Section Item 4,766
3,Section Item 5,766
1,Section Item 4,767
2,Section Item 1,767
3,Section Item 3,767
1,Section Item 1,768
2,Section Item 2,768
3,Section Item 4,768
1,Section Item 3,769
2,Section Item 2,769
3,Section Item 6,769
1,Section Item 5,770
2,Section Item 2,770
3,Section Item 1,770
1,Section Item 1,771
2,Section Item 3,771
3,Section Item 1,771
1,Section Item 4,772
2,Section Item 5,772
3,Section Item 1,772
1,Section Item 4,773
2,Section Item 1,773
3,Section Item 2,773
1,Section Item 1,774
2,Section Item 5,774
3,Section Item 1,774
1,Section Item 1,775
2,Section Item 3,775
3,Section Item 4,775
1,Section Item 6,776
2,Section Item 4,776
3,Section Item 5,776
1,Section Item 3,777
2,Section Item 3,777
3,Section Item 4,777
1,Section Item 4,778
2,Section Item 5,778
3,Section Item 1,778
1,Section Item 3,779
2,Section Item 2,779
3,Section Item 6,779
1,Section Item 3,780
2,Section Item 1,780
3,Section Item 3,780
1,Section Item 6,781
2,Section Item 3,781
3,Section Item 6,781
1,Section Item 2,782
2,Section Item 5,782
3,Section Item 4,782
1,Section Item 2,783
2,Section Item 5,783
3,Section Item 5,783
1,Section Item 3,784
2,Section Item 2,784
3,Section Item 6,784
1,Section Item 1,785
2,Section Item 6,785
3,Section Item 3,785
1,Section Item 5,786
2,Section Item 6,786
3,Section Item 1,786
1,Section Item 4,787
2,Section Item 3,787
3,Section Item 5,787
1,Section Item 5,788
2,Section Item 6,788
3,Section Item 3,788
1,Section Item 4,789
2,Section Item 1,789
3,Section Item 1,789
1,Section Item 2,790
2,Section Item 6,790
3,Section Item 1,790
1,Section Item 3,791
2,Section Item 4,791
3,Section Item 6,791
1,Section Item 4,792
2,Section Item 4,792
3,Section Item 1,792
1,Section Item 3,793
2,Section Item 2,793
3,Section Item 4,793
1,Section Item 5,794
2,Section Item 4,794
3,Section Item 4,794
1,Section Item 6,795
2,Section Item 3,795
3,Section Item 1,795
1,Section Item 3,796
2,Section Item 3,796
3,Section Item 4,796
1,Section Item 2,797
2,Section Item 2,797
3,Section Item 3,797
1,Section Item 6,798
2,Section Item 3,798
3,Section Item 1,798
1,Section Item 2,799
2,Section Item 3,799
3,Section Item 3,799
1,Section Item 2,800
2,Section Item 3,800
3,Section Item 6,800
1,Section Item 6,801
2,Section Item 2,801
3,Section Item 1,801
1,Section Item 3,802
2,Section Item 5,802
3,Section Item 2,802
1,Section Item 6,803
2,Section Item 3,803
3,Section Item 3,803
1,Section Item 3,804
2,Section Item 3,804
3,Section Item 4,804
1,Section Item 3,805
2,Section Item 1,805
3,Section Item 3,805
1,Section Item 5,806
2,Section Item 4,806
3,Section Item 4,806
1,Section Item 6,807
2,Section Item 1,807
3,Section Item 6,807
1,Section Item 4,808
2,Section Item 1,808
3,Section Item 6,808
1,Section Item 6,809
2,Section Item 4,809
3,Section Item 2,809
1,Section Item 4,810
2,Section Item 1,810
3,Section Item 5,810
1,Section Item 2,811
2,Section Item 3,811
3,Section Item 3,811
1,Section Item 6,812
2,Section Item 6,812
3,Section Item 2,812
1,Section Item 6,813
2,Section Item 1,813
3,Section Item 1,813
1,Section Item 3,814
2,Section Item 3,814
3,Section Item 6,814
1,Section Item 3,815
2,Section Item 3,815
3,Section Item 5,815
1,Section Item 6,816
2,Section Item 3,816
3,Section Item 2,816
1,Section Item 4,817
2,Section Item 2,817
3,Section Item 6,817
1,Section Item 2,818
2,Section Item 6,818
3,Section Item 4,818
1,Section Item 1,819
2,Section Item 3,819
3,Section Item 5,819
1,Section Item 4,820
2,Section Item 4,820
3,Section Item 2,820
1,Section Item 5,821
2,Section Item 2,821
3,Section Item 4,821
1,Section Item 4,822
2,Section Item 1,822
3,Section Item 6,822
1,Section Item 4,823
2,Section Item 3,823
3,Section Item 3,823
1,Section Item 1,824
2,Section Item 6,824
3,Section Item 3,824
1,Section Item 5,825
2,Section Item 1,825
3,Section Item 3,825
1,Section Item 4,826
2,Section Item 4,826
3,Section Item 2,826
1,Section Item 2,827
2,Section Item 3,827
3,Section Item 4,827
1,Section Item 5,828
2,Section Item 6,828
3,Section Item 3,828
1,Section Item 4,829
2,Section Item 4,829
3,Section Item 4,829
1,Section Item 3,830
2,Section Item 3,830
3,Section Item 1,830
1,Section Item 2,831
2,Section Item 3,831
3,Section Item 4,831
1,Section Item 6,832
2,Section Item 2,832
3,Section Item 5,832
1,Section Item 6,833
2,Section Item 6,833
3,Section Item 4,833
1,Section Item 6,834
2,Section Item 3,834
3,Section Item 6,834
1,Section Item 4,835
2,Section Item 6,835
3,Section Item 6,835
1,Section Item 3,836
2,Section Item 2,836
3,Section Item 4,836
1,Section Item 3,837
2,Section Item 4,837
3,Section Item 3,837
1,Section Item 4,838
2,Section Item 4,838
3,Section Item 3,838
1,Section Item 6,839
2,Section Item 1,839
3,Section Item 3,839
1,Section Item 2,840
2,Section Item 3,840
3,Section Item 2,840
1,Section Item 5,841
2,Section Item 3,841
3,Section Item 5,841
1,Section Item 4,842
2,Section Item 3,842
3,Section Item 5,842
1,Section Item 2,843
2,Section Item 1,843
3,Section Item 5,843
1,Section Item 4,844
2,Section Item 4,844
3,Section Item 5,844
1,Section Item 6,845
2,Section Item 5,845
3,Section Item 1,845
1,Section Item 4,846
2,Section Item 2,846
3,Section Item 3,846
1,Section Item 4,847
2,Section Item 6,847
3,Section Item 3,847
1,Section Item 4,848
2,Section Item 3,848
3,Section Item 6,848
1,Section Item 4,849
2,Section Item 2,849
3,Section Item 1,849
1,Section Item 3,850
2,Section Item 3,850
3,Section Item 4,850
1,Section Item 2,851
2,Section Item 2,851
3,Section Item 5,851
1,Section Item 4,852
2,Section Item 1,852
3,Section Item 1,852
1,Section Item 5,853
2,Section Item 5,853
3,Section Item 6,853
1,Section Item 2,854
2,Section Item 5,854
3,Section Item 6,854
1,Section Item 1,855
2,Section Item 6,855
3,Section Item 6,855
1,Section Item 1,856
2,Section Item 4,856
3,Section Item 6,856
1,Section Item 5,857
2,Section Item 2,857
3,Section Item 3,857
1,Section Item 2,858
2,Section Item 4,858
3,Section Item 3,858
1,Section Item 2,859
2,Section Item 4,859
3,Section Item 6,859
1,Section Item 4,860
2,Section Item 3,860
3,Section Item 6,860
1,Section Item 5,861
2,Section Item 3,861
3,Section Item 2,861
1,Section Item 3,862
2,Section Item 2,862
3,Section Item 3,862
1,Section Item 4,863
2,Section Item 2,863
3,Section Item 4,863
1,Section Item 3,864
2,Section Item 3,864
3,Section Item 3,864
1,Section Item 2,865
2,Section Item 4,865
3,Section Item 1,865
1,Section Item 6,866
2,Section Item 5,866
3,Section Item 1,866
1,Section Item 3,867
2,Section Item 5,867
3,Section Item 3,867
1,Section Item 2,868
2,Section Item 1,868
3,Section Item 6,868
1,Section Item 5,869
2,Section Item 4,869
3,Section Item 3,869
1,Section Item 4,870
2,Section Item 2,870
3,Section Item 3,870
1,Section Item 2,871
2,Section Item 1,871
3,Section Item 3,871
1,Section Item 4,872
2,Section Item 6,872
3,Section Item 1,872
1,Section Item 4,873
2,Section Item 2,873
3,Section Item 3,873
1,Section Item 6,874
2,Section Item 4,874
3,Section Item 2,874
1,Section Item 4,875
2,Section Item 2,875
3,Section Item 5,875
1,Section Item 1,876
2,Section Item 4,876
3,Section Item 3,876
1,Section Item 6,877
2,Section Item 2,877
3,Section Item 1,877
1,Section Item 4,878
2,Section Item 4,878
3,Section Item 4,878
1,Section Item 2,879
2,Section Item 3,879
3,Section Item 6,879
1,Section Item 2,880
2,Section Item 5,880
3,Section Item 3,880
1,Section Item 4,881
2,Section Item 1,881
3,Section Item 2,881
1,Section Item 3,882
2,Section Item 4,882
3,Section Item 2,882
1,Section Item 5,883
2,Section Item 2,883
3,Section Item 1,883
1,Section Item 5,884
2,Section Item 6,884
3,Section Item 3,884
1,Section Item 6,885
2,Section Item 6,885
3,Section Item 6,885
1,Section Item 5,886
2,Section Item 2,886
3,Section Item 3,886
1,Section Item 3,887
2,Section Item 4,887
3,Section Item 1,887
1,Section Item 2,888
2,Section Item 1,888
3,Section Item 1,888
1,Section Item 5,889
2,Section Item 1,889
3,Section Item 4,889
1,Section Item 6,890
2,Section Item 2,890
3,Section Item 5,890
1,Section Item 5,891
2,Section Item 6,891
3,Section Item 1,891
1,Section Item 4,892
2,Section Item 5,892
3,Section Item 6,892
1,Section Item 1,893
2,Section Item 4,893
3,Section Item 3,893
1,Section Item 2,894
2,Section Item 3,894
3,Section Item 4,894
1,Section Item 5,895
2,Section Item 6,895
3,Section Item 3,895
1,Section Item 4,896
2,Section Item 3,896
3,Section Item 6,896
1,Section Item 5,897
2,Section Item 4,897
3,Section Item 4,897
1,Section Item 6,898
2,Section Item 6,898
3,Section Item 5,898
1,Section Item 3,899
2,Section Item 1,899
3,Section Item 2,899
1,Section Item 3,900
2,Section Item 1,900
3,Section Item 4,900
1,Section Item 5,901
2,Section Item 3,901
3,Section Item 6,901
1,Section Item 6,902
2,Section Item 2,902
3,Section Item 2,902
1,Section Item 6,903
2,Section Item 4,903
3,Section Item 4,903
1,Section Item 3,904
2,Section Item 5,904
3,Section Item 4,904
1,Section Item 3,905
2,Section Item 4,905
3,Section Item 5,905
1,Section Item 1,906
2,Section Item 6,906
3,Section Item 5,906
1,Section Item 2,907
2,Section Item 1,907
3,Section Item 2,907
1,Section Item 4,908
2,Section Item 2,908
3,Section Item 3,908
1,Section Item 1,909
2,Section Item 1,909
3,Section Item 4,909
1,Section Item 1,910
2,Section Item 5,910
3,Section Item 6,910
1,Section Item 4,911
2,Section Item 1,911
3,Section Item 1,911
1,Section Item 2,912
2,Section Item 2,912
3,Section Item 6,912
1,Section Item 1,913
2,Section Item 5,913
3,Section Item 3,913
1,Section Item 4,914
2,Section Item 5,914
3,Section Item 2,914
1,Section Item 2,915
2,Section Item 4,915
3,Section Item 4,915
1,Section Item 4,916
2,Section Item 4,916
3,Section Item 1,916
1,Section Item 1,917
2,Section Item 3,917
3,Section Item 4,917
1,Section Item 5,918
2,Section Item 2,918
3,Section Item 6,918
1,Section Item 4,919
2,Section Item 2,919
3,Section Item 5,919
1,Section Item 5,920
2,Section Item 3,920
3,Section Item 2,920
1,Section Item 4,921
2,Section Item 6,921
3,Section Item 6,921
1,Section Item 2,922
2,Section Item 6,922
3,Section Item 6,922
1,Section Item 1,923
2,Section Item 5,923
3,Section Item 3,923
1,Section Item 1,924
2,Section Item 4,924
3,Section Item 5,924
1,Section Item 5,925
2,Section Item 5,925
3,Section Item 3,925
1,Section Item 6,926
2,Section Item 6,926
3,Section Item 5,926
1,Section Item 1,927
2,Section Item 5,927
3,Section Item 4,927
1,Section Item 6,928
2,Section Item 6,928
3,Section Item 4,928
1,Section Item 2,929
2,Section Item 3,929
3,Section Item 2,929
1,Section Item 4,930
2,Section Item 6,930
3,Section Item 3,930
1,Section Item 2,931
2,Section Item 6,931
3,Section Item 4,931
1,Section Item 2,932
2,Section Item 1,932
3,Section Item 4,932
1,Section Item 3,933
2,Section Item 6,933
3,Section Item 1,933
1,Section Item 6,934
2,Section Item 4,934
3,Section Item 6,934
1,Section Item 6,935
2,Section Item 3,935
3,Section Item 6,935
1,Section Item 6,936
2,Section Item 4,936
3,Section Item 2,936
1,Section Item 4,937
2,Section Item 3,937
3,Section Item 1,937
1,Section Item 2,938
2,Section Item 6,938
3,Section Item 1,938
1,Section Item 2,939
2,Section Item 3,939
3,Section Item 2,939
1,Section Item 1,940
2,Section Item 2,940
3,Section Item 1,940
1,Section Item 6,941
2,Section Item 6,941
3,Section Item 5,941
1,Section Item 2,942
2,Section Item 6,942
3,Section Item 1,942
1,Section Item 5,943
2,Section Item 6,943
3,Section Item 2,943
1,Section Item 1,944
2,Section Item 2,944
3,Section Item 4,944
1,Section Item 3,945
2,Section Item 3,945
3,Section Item 3,945
1,Section Item 3,946
2,Section Item 1,946
3,Section Item 2,946
1,Section Item 2,947
2,Section Item 4,947
3,Section Item 5,947
1,Section Item 5,948
2,Section Item 3,948
3,Section Item 4,948
1,Section Item 2,949
2,Section Item 4,949
3,Section Item 3,949
1,Section Item 1,950
2,Section Item 2,950
3,Section Item 5,950
1,Section Item 1,951
2,Section Item 1,951
3,Section Item 4,951
1,Section Item 4,952
2,Section Item 2,952
3,Section Item 4,952
1,Section Item 6,953
2,Section Item 5,953
3,Section Item 2,953
1,Section Item 1,954
2,Section Item 6,954
3,Section Item 6,954
1,Section Item 1,955
2,Section Item 3,955
3,Section Item 5,955
1,Section Item 3,956
2,Section Item 2,956
3,Section Item 6,956
1,Section Item 6,957
2,Section Item 4,957
3,Section Item 1,957
1,Section Item 4,958
2,Section Item 6,958
3,Section Item 2,958
1,Section Item 2,959
2,Section Item 3,959
3,Section Item 6,959
1,Section Item 6,960
2,Section Item 5,960
3,Section Item 1,960
1,Section Item 6,961
2,Section Item 1,961
3,Section Item 2,961
1,Section Item 3,962
2,Section Item 3,962
3,Section Item 2,962
1,Section Item 1,963
2,Section Item 2,963
3,Section Item 1,963
1,Section Item 1,964
2,Section Item 6,964
3,Section Item 6,964
1,Section Item 2,965
2,Section Item 5,965
3,Section Item 5,965
1,Section Item 4,966
2,Section Item 3,966
3,Section Item 4,966
1,Section Item 5,967
2,Section Item 6,967
3,Section Item 1,967
1,Section Item 6,968
2,Section Item 3,968
3,Section Item 2,968
1,Section Item 6,969
2,Section Item 3,969
3,Section Item 3,969
1,Section Item 6,970
2,Section Item 1,970
3,Section Item 4,970
1,Section Item 5,971
2,Section Item 1,971
3,Section Item 3,971
1,Section Item 6,972
2,Section Item 4,972
3,Section Item 6,972
1,Section Item 4,973
2,Section Item 3,973
3,Section Item 6,973
1,Section Item 5,974
2,Section Item 1,974
3,Section Item 1,974
1,Section Item 3,975
2,Section Item 3,975
3,Section Item 4,975
1,Section Item 4,976
2,Section Item 5,976
3,Section Item 4,976
1,Section Item 3,977
2,Section Item 6,977
3,Section Item 3,977
1,Section Item 5,978
2,Section Item 6,978
3,Section Item 2,978
1,Section Item 3,979
2,Section Item 5,979
3,Section Item 6,979
1,Section Item 4,980
2,Section Item 6,980
3,Section Item 1,980
1,Section Item 5,981
2,Section Item 3,981
3,Section Item 6,981
1,Section Item 4,982
2,Section Item 4,982
3,Section Item 3,982
1,Section Item 4,983
2,Section Item 5,983
3,Section Item 6,983
1,Section Item 4,984
2,Section Item 4,984
3,Section Item 4,984
1,Section Item 5,985
2,Section Item 1,985
3,Section Item 4,985
1,Section Item 4,986
2,Section Item 2,986
3,Section Item 4,986
1,Section Item 4,987
2,Section Item 6,987
3,Section Item 3,987
1,Section Item 1,988
2,Section Item 6,988
3,Section Item 1,988
1,Section Item 2,989
2,Section Item 5,989
3,Section Item 3,989
1,Section Item 2,990
2,Section Item 5,990
3,Section Item 5,990
1,Section Item 6,991
2,Section Item 4,991
3,Section Item 5,991
1,Section Item 2,992
2,Section Item 6,992
3,Section Item 6,992
1,Section Item 3,993
2,Section Item 6,993
3,Section Item 6,993
1,Section Item 5,994
2,Section Item 4,994
3,Section Item 1,994
1,Section Item 1,995
2,Section Item 3,995
3,Section Item 4,995
1,Section Item 3,996
2,Section Item 1,996
3,Section Item 6,996
1,Section Item 5,997
2,Section Item 6,997
3,Section Item 3,997
1,Section Item 6,998
2,Section Item 2,998
3,Section Item 3,998
1,Section Item 6,999
2,Section Item 6,999
3,Section Item 2,999
1,Section Item 6,1000
2,Section Item 1,1000
3,Section Item 4,1000
1,Section Item 3,1001
2,Section Item 3,1001
3,Section Item 1,1001
1,Section Item 6,1002
2,Section Item 2,1002
3,Section Item 3,1002
1,Section Item 6,1003
2,Section Item 4,1003
3,Section Item 1,1003
1,Section Item 5,1004
2,Section Item 4,1004
3,Section Item 4,1004
1,Section Item 6,1005
2,Section Item 2,1005
3,Section Item 2,1005
1,Section Item 6,1006
2,Section Item 4,1006
3,Section Item 3,1006
1,Section Item 1,1007
2,Section Item 3,1007
3,Section Item 6,1007
1,Section Item 3,1008
2,Section Item 1,1008
3,Section Item 6,1008
1,Section Item 5,1009
2,Section Item 4,1009
3,Section Item 2,1009
1,Section Item 4,1010
2,Section Item 1,1010
3,Section Item 3,1010
1,Section Item 5,1011
2,Section Item 4,1011
3,Section Item 1,1011
1,Section Item 1,1012
2,Section Item 4,1012
3,Section Item 1,1012
1,Section Item 6,1013
2,Section Item 1,1013
3,Section Item 5,1013
1,Section Item 4,1014
2,Section Item 4,1014
3,Section Item 4,1014
1,Section Item 5,1015
2,Section Item 4,1015
3,Section Item 4,1015
1,Section Item 6,1016
2,Section Item 4,1016
3,Section Item 5,1016
1,Section Item 5,1017
2,Section Item 1,1017
3,Section Item 4,1017
1,Section Item 6,1018
2,Section Item 1,1018
3,Section Item 6,1018
1,Section Item 6,1019
2,Section Item 2,1019
3,Section Item 5,1019
1,Section Item 3,1020
2,Section Item 2,1020
3,Section Item 6,1020
1,Section Item 5,1021
2,Section Item 1,1021
3,Section Item 4,1021
1,Section Item 5,1022
2,Section Item 6,1022
3,Section Item 6,1022
1,Section Item 4,1023
2,Section Item 4,1023
3,Section Item 2,1023
1,Section Item 1,1024
2,Section Item 3,1024
3,Section Item 3,1024
1,Section Item 4,1025
2,Section Item 1,1025
3,Section Item 5,1025
1,Section Item 3,1026
2,Section Item 2,1026
3,Section Item 5,1026
1,Section Item 2,1027
2,Section Item 3,1027
3,Section Item 1,1027
1,Section Item 2,1028
2,Section Item 5,1028
3,Section Item 6,1028
1,Section Item 1,1029
2,Section Item 2,1029
3,Section Item 1,1029
1,Section Item 5,1030
2,Section Item 1,1030
3,Section Item 4,1030
1,Section Item 6,1031
2,Section Item 2,1031
3,Section Item 4,1031
1,Section Item 2,1032
2,Section Item 3,1032
3,Section Item 3,1032
1,Section Item 1,1033
2,Section Item 4,1033
3,Section Item 2,1033
1,Section Item 1,1034
2,Section Item 5,1034
3,Section Item 5,1034
1,Section Item 3,1035
2,Section Item 5,1035
3,Section Item 6,1035
1,Section Item 6,1036
2,Section Item 1,1036
3,Section Item 1,1036
1,Section Item 1,1037
2,Section Item 2,1037
3,Section Item 1,1037
1,Section Item 5,1038
2,Section Item 4,1038
3,Section Item 5,1038
1,Section Item 3,1039
2,Section Item 6,1039
3,Section Item 6,1039
1,Section Item 4,1040
2,Section Item 6,1040
3,Section Item 6,1040
1,Section Item 2,1041
2,Section Item 3,1041
3,Section Item 4,1041
1,Section Item 4,1042
2,Section Item 3,1042
3,Section Item 1,1042
1,Section Item 1,1043
2,Section Item 2,1043
3,Section Item 3,1043
1,Section Item 4,1044
2,Section Item 6,1044
3,Section Item 3,1044
1,Section Item 1,1045
2,Section Item 3,1045
3,Section Item 5,1045
1,Section Item 2,1046
2,Section Item 6,1046
3,Section Item 3,1046
1,Section Item 5,1047
2,Section Item 3,1047
3,Section Item 2,1047
1,Section Item 1,1048
2,Section Item 4,1048
3,Section Item 2,1048
1,Section Item 3,1049
2,Section Item 3,1049
3,Section Item 3,1049
1,Section Item 5,1050
2,Section Item 6,1050
3,Section Item 4,1050
1,Section Item 6,1051
2,Section Item 3,1051
3,Section Item 6,1051
1,Section Item 3,1052
2,Section Item 2,1052
3,Section Item 4,1052
1,Section Item 3,1053
2,Section Item 6,1053
3,Section Item 1,1053
1,Section Item 6,1054
2,Section Item 1,1054
3,Section Item 5,1054
1,Section Item 4,1055
2,Section Item 3,1055
3,Section Item 3,1055
1,Section Item 4,1056
2,Section Item 2,1056
3,Section Item 3,1056
1,Section Item 5,1057
2,Section Item 4,1057
3,Section Item 6,1057
1,Section Item 2,1058
2,Section Item 1,1058
3,Section Item 2,1058
1,Section Item 6,1059
2,Section Item 4,1059
3,Section Item 6,1059
1,Section Item 5,1060
2,Section Item 3,1060
3,Section Item 3,1060
1,Section Item 5,1061
2,Section Item 4,1061
3,Section Item 3,1061
1,Section Item 6,1062
2,Section Item 4,1062
3,Section Item 6,1062
1,Section Item 5,1063
2,Section Item 5,1063
3,Section Item 3,1063
1,Section Item 3,1064
2,Section Item 3,1064
3,Section Item 6,1064
1,Section Item 1,1065
2,Section Item 1,1065
3,Section Item 4,1065
1,Section Item 3,1066
2,Section Item 2,1066
3,Section Item 3,1066
1,Section Item 1,1067
2,Section Item 2,1067
3,Section Item 6,1067
1,Section Item 5,1068
2,Section Item 4,1068
3,Section Item 6,1068
1,Section Item 1,1069
2,Section Item 6,1069
3,Section Item 1,1069
1,Section Item 2,1070
2,Section Item 6,1070
3,Section Item 2,1070
1,Section Item 2,1071
2,Section Item 5,1071
3,Section Item 4,1071
1,Section Item 3,1072
2,Section Item 1,1072
3,Section Item 1,1072
1,Section Item 1,1073
2,Section Item 6,1073
3,Section Item 6,1073
1,Section Item 6,1074
2,Section Item 5,1074
3,Section Item 3,1074
1,Section Item 1,1075
2,Section Item 5,1075
3,Section Item 6,1075
1,Section Item 1,1076
2,Section Item 4,1076
3,Section Item 6,1076
1,Section Item 6,1077
2,Section Item 3,1077
3,Section Item 2,1077
1,Section Item 2,1078
2,Section Item 1,1078
3,Section Item 4,1078
1,Section Item 2,1079
2,Section Item 4,1079
3,Section Item 6,1079
1,Section Item 3,1080
2,Section Item 4,1080
3,Section Item 6,1080
1,Section Item 4,1081
2,Section Item 6,1081
3,Section Item 2,1081
1,Section Item 3,1082
2,Section Item 3,1082
3,Section Item 3,1082
1,Section Item 5,1083
2,Section Item 5,1083
3,Section Item 1,1083
1,Section Item 4,1084
2,Section Item 1,1084
3,Section Item 6,1084
1,Section Item 6,1085
2,Section Item 3,1085
3,Section Item 2,1085
1,Section Item 3,1086
2,Section Item 5,1086
3,Section Item 3,1086
1,Section Item 6,1087
2,Section Item 4,1087
3,Section Item 3,1087
1,Section Item 5,1088
2,Section Item 5,1088
3,Section Item 1,1088
1,Section Item 5,1089
2,Section Item 6,1089
3,Section Item 3,1089
1,Section Item 5,1090
2,Section Item 4,1090
3,Section Item 3,1090
1,Section Item 4,1091
2,Section Item 3,1091
3,Section Item 5,1091
1,Section Item 4,1092
2,Section Item 1,1092
3,Section Item 5,1092
1,Section Item 2,1093
2,Section Item 1,1093
3,Section Item 4,1093
1,Section Item 1,1094
2,Section Item 3,1094
3,Section Item 2,1094
1,Section Item 1,1095
2,Section Item 4,1095
3,Section Item 3,1095
1,Section Item 3,1096
2,Section Item 5,1096
3,Section Item 3,1096
1,Section Item 4,1097
2,Section Item 3,1097
3,Section Item 5,1097
1,Section Item 3,1098
2,Section Item 3,1098
3,Section Item 5,1098
1,Section Item 6,1099
2,Section Item 3,1099
3,Section Item 4,1099
1,Section Item 3,1100
2,Section Item 5,1100
3,Section Item 4,1100
1,Section Item 3,1101
2,Section Item 2,1101
3,Section Item 3,1101
1,Section Item 6,1102
2,Section Item 1,1102
3,Section Item 5,1102
1,Section Item 1,1103
2,Section Item 3,1103
3,Section Item 2,1103
1,Section Item 3,1104
2,Section Item 3,1104
3,Section Item 1,1104
1,Section Item 6,1105
2,Section Item 6,1105
3,Section Item 1,1105
1,Section Item 6,1106
2,Section Item 5,1106
3,Section Item 4,1106
1,Section Item 2,1107
2,Section Item 5,1107
3,Section Item 4,1107
1,Section Item 6,1108
2,Section Item 1,1108
3,Section Item 1,1108
1,Section Item 5,1109
2,Section Item 6,1109
3,Section Item 6,1109
1,Section Item 1,1110
2,Section Item 4,1110
3,Section Item 3,1110
1,Section Item 3,1111
2,Section Item 1,1111
3,Section Item 5,1111
1,Section Item 4,1112
2,Section Item 3,1112
3,Section Item 4,1112
1,Section Item 4,1113
2,Section Item 6,1113
3,Section Item 5,1113
1,Section Item 4,1114
2,Section Item 3,1114
3,Section Item 4,1114
1,Section Item 5,1115
2,Section Item 1,1115
3,Section Item 3,1115
1,Section Item 2,1116
2,Section Item 3,1116
3,Section Item 3,1116
1,Section Item 4,1117
2,Section Item 6,1117
3,Section Item 3,1117
1,Section Item 6,1118
2,Section Item 1,1118
3,Section Item 5,1118
1,Section Item 1,1119
2,Section Item 1,1119
3,Section Item 2,1119
1,Section Item 1,1120
2,Section Item 5,1120
3,Section Item 3,1120
1,Section Item 5,1121
2,Section Item 2,1121
3,Section Item 3,1121
1,Section Item 4,1122
2,Section Item 5,1122
3,Section Item 3,1122
1,Section Item 1,1123
2,Section Item 2,1123
3,Section Item 4,1123
1,Section Item 5,1124
2,Section Item 1,1124
3,Section Item 3,1124
1,Section Item 5,1125
2,Section Item 1,1125
3,Section Item 4,1125
1,Section Item 6,1126
2,Section Item 4,1126
3,Section Item 1,1126
1,Section Item 5,1127
2,Section Item 1,1127
3,Section Item 4,1127
1,Section Item 1,1128
2,Section Item 5,1128
3,Section Item 4,1128
1,Section Item 2,1129
2,Section Item 4,1129
3,Section Item 6,1129
1,Section Item 5,1130
2,Section Item 5,1130
3,Section Item 1,1130
1,Section Item 5,1131
2,Section Item 5,1131
3,Section Item 6,1131
1,Section Item 6,1132
2,Section Item 5,1132
3,Section Item 5,1132
1,Section Item 6,1133
2,Section Item 5,1133
3,Section Item 1,1133
1,Section Item 4,1134
2,Section Item 4,1134
3,Section Item 2,1134
1,Section Item 5,1135
2,Section Item 1,1135
3,Section Item 6,1135
1,Section Item 2,1136
2,Section Item 5,1136
3,Section Item 3,1136
1,Section Item 2,1137
2,Section Item 5,1137
3,Section Item 6,1137
1,Section Item 3,1138
2,Section Item 3,1138
3,Section Item 2,1138
1,Section Item 5,1139
2,Section Item 2,1139
3,Section Item 5,1139
1,Section Item 1,1140
2,Section Item 6,1140
3,Section Item 3,1140
1,Section Item 5,1141
2,Section Item 5,1141
3,Section Item 1,1141
1,Section Item 4,1142
2,Section Item 5,1142
3,Section Item 2,1142
1,Section Item 5,1143
2,Section Item 4,1143
3,Section Item 6,1143
1,Section Item 4,1144
2,Section Item 6,1144
3,Section Item 4,1144
1,Section Item 3,1145
2,Section Item 3,1145
3,Section Item 5,1145
1,Section Item 3,1146
2,Section Item 4,1146
3,Section Item 2,1146
1,Section Item 4,1147
2,Section Item 4,1147
3,Section Item 2,1147
1,Section Item 6,1148
2,Section Item 5,1148
3,Section Item 6,1148
1,Section Item 5,1149
2,Section Item 3,1149
3,Section Item 5,1149
1,Section Item 6,1150
2,Section Item 3,1150
3,Section Item 2,1150
1,Section Item 5,1151
2,Section Item 6,1151
3,Section Item 2,1151
1,Section Item 5,1152
2,Section Item 5,1152
3,Section Item 1,1152
1,Section Item 5,1153
2,Section Item 2,1153
3,Section Item 3,1153
1,Section Item 6,1154
2,Section Item 6,1154
3,Section Item 5,1154
1,Section Item 5,1155
2,Section Item 3,1155
3,Section Item 1,1155
1,Section Item 3,1156
2,Section Item 2,1156
3,Section Item 1,1156
1,Section Item 4,1157
2,Section Item 6,1157
3,Section Item 4,1157
1,Section Item 6,1158
2,Section Item 5,1158
3,Section Item 5,1158
1,Section Item 1,1159
2,Section Item 2,1159
3,Section Item 3,1159
1,Section Item 5,1160
2,Section Item 5,1160
3,Section Item 2,1160
1,Section Item 4,1161
2,Section Item 3,1161
3,Section Item 4,1161
1,Section Item 2,1162
2,Section Item 3,1162
3,Section Item 3,1162
1,Section Item 4,1163
2,Section Item 3,1163
3,Section Item 1,1163
1,Section Item 1,1164
2,Section Item 6,1164
3,Section Item 3,1164
1,Section Item 4,1165
2,Section Item 3,1165
3,Section Item 5,1165
1,Section Item 1,1166
2,Section Item 4,1166
3,Section Item 4,1166
1,Section Item 1,1167
2,Section Item 4,1167
3,Section Item 6,1167
1,Section Item 2,1168
2,Section Item 6,1168
3,Section Item 3,1168
1,Section Item 3,1169
2,Section Item 1,1169
3,Section Item 2,1169
1,Section Item 3,1170
2,Section Item 3,1170
3,Section Item 1,1170
1,Section Item 4,1171
2,Section Item 3,1171
3,Section Item 4,1171
1,Section Item 4,1172
2,Section Item 1,1172
3,Section Item 6,1172
1,Section Item 5,1173
2,Section Item 2,1173
3,Section Item 1,1173
1,Section Item 6,1174
2,Section Item 5,1174
3,Section Item 3,1174
1,Section Item 6,1175
2,Section Item 5,1175
3,Section Item 6,1175
1,Section Item 6,1176
2,Section Item 4,1176
3,Section Item 3,1176
1,Section Item 2,1177
2,Section Item 4,1177
3,Section Item 6,1177
1,Section Item 5,1178
2,Section Item 3,1178
3,Section Item 6,1178
1,Section Item 2,1179
2,Section Item 4,1179
3,Section Item 2,1179
1,Section Item 5,1180
2,Section Item 3,1180
3,Section Item 6,1180
1,Section Item 4,1181
2,Section Item 4,1181
3,Section Item 5,1181
1,Section Item 2,1182
2,Section Item 5,1182
3,Section Item 3,1182
1,Section Item 5,1183
2,Section Item 5,1183
3,Section Item 1,1183
1,Section Item 2,1184
2,Section Item 2,1184
3,Section Item 4,1184
1,Section Item 1,1185
2,Section Item 1,1185
3,Section Item 6,1185
1,Section Item 2,1186
2,Section Item 3,1186
3,Section Item 5,1186
1,Section Item 3,1187
2,Section Item 5,1187
3,Section Item 6,1187
1,Section Item 5,1188
2,Section Item 1,1188
3,Section Item 4,1188
1,Section Item 2,1189
2,Section Item 2,1189
3,Section Item 6,1189
1,Section Item 6,1190
2,Section Item 5,1190
3,Section Item 2,1190
1,Section Item 4,1191
2,Section Item 4,1191
3,Section Item 3,1191
1,Section Item 1,1192
2,Section Item 3,1192
3,Section Item 5,1192
1,Section Item 1,1193
2,Section Item 3,1193
3,Section Item 5,1193
1,Section Item 6,1194
2,Section Item 4,1194
3,Section Item 6,1194
1,Section Item 2,1195
2,Section Item 1,1195
3,Section Item 1,1195
1,Section Item 4,1196
2,Section Item 6,1196
3,Section Item 6,1196
1,Section Item 4,1197
2,Section Item 6,1197
3,Section Item 2,1197
1,Section Item 4,1198
2,Section Item 6,1198
3,Section Item 4,1198
1,Section Item 3,1199
2,Section Item 4,1199
3,Section Item 2,1199
1,Section Item 1,1200
2,Section Item 6,1200
3,Section Item 6,1200
1,Section Item 2,1201
2,Section Item 1,1201
3,Section Item 2,1201
1,Section Item 3,1202
2,Section Item 3,1202
3,Section Item 5,1202
1,Section Item 3,1203
2,Section Item 1,1203
3,Section Item 6,1203
1,Section Item 2,1204
2,Section Item 2,1204
3,Section Item 1,1204
1,Section Item 3,1205
2,Section Item 3,1205
3,Section Item 2,1205
1,Section Item 3,1206
2,Section Item 5,1206
3,Section Item 6,1206
1,Section Item 4,1207
2,Section Item 2,1207
3,Section Item 1,1207
1,Section Item 6,1208
2,Section Item 3,1208
3,Section Item 5,1208
1,Section Item 2,1209
2,Section Item 2,1209
3,Section Item 4,1209
1,Section Item 3,1210
2,Section Item 6,1210
3,Section Item 6,1210
1,Section Item 6,1211
2,Section Item 3,1211
3,Section Item 4,1211
1,Section Item 4,1212
2,Section Item 3,1212
3,Section Item 1,1212
1,Section Item 5,1213
2,Section Item 5,1213
3,Section Item 1,1213
1,Section Item 5,1214
2,Section Item 5,1214
3,Section Item 1,1214
1,Section Item 6,1215
2,Section Item 5,1215
3,Section Item 6,1215
1,Section Item 1,1216
2,Section Item 4,1216
3,Section Item 6,1216
1,Section Item 5,1217
2,Section Item 2,1217
3,Section Item 5,1217
1,Section Item 2,1218
2,Section Item 5,1218
3,Section Item 2,1218
1,Section Item 2,1219
2,Section Item 6,1219
3,Section Item 5,1219
1,Section Item 5,1220
2,Section Item 2,1220
3,Section Item 2,1220
1,Section Item 1,1221
2,Section Item 2,1221
3,Section Item 2,1221
1,Section Item 4,1222
2,Section Item 4,1222
3,Section Item 1,1222
1,Section Item 6,1223
2,Section Item 5,1223
3,Section Item 2,1223
1,Section Item 1,1224
2,Section Item 3,1224
3,Section Item 4,1224
1,Section Item 5,1225
2,Section Item 3,1225
3,Section Item 1,1225
1,Section Item 2,1226
2,Section Item 2,1226
3,Section Item 6,1226
1,Section Item 4,1227
2,Section Item 4,1227
3,Section Item 4,1227
1,Section Item 6,1228
2,Section Item 4,1228
3,Section Item 3,1228
1,Section Item 2,1229
2,Section Item 4,1229
3,Section Item 5,1229
1,Section Item 2,1230
2,Section Item 1,1230
3,Section Item 5,1230
1,Section Item 4,1231
2,Section Item 3,1231
3,Section Item 1,1231
1,Section Item 5,1232
2,Section Item 6,1232
3,Section Item 5,1232
1,Section Item 3,1233
2,Section Item 5,1233
3,Section Item 1,1233
1,Section Item 1,1234
2,Section Item 1,1234
3,Section Item 5,1234
1,Section Item 4,1235
2,Section Item 1,1235
3,Section Item 5,1235
1,Section Item 3,1236
2,Section Item 4,1236
3,Section Item 4,1236
1,Section Item 3,1237
2,Section Item 1,1237
3,Section Item 1,1237
1,Section Item 5,1238
2,Section Item 5,1238
3,Section Item 5,1238
1,Section Item 3,1239
2,Section Item 5,1239
3,Section Item 3,1239
1,Section Item 4,1240
2,Section Item 3,1240
3,Section Item 1,1240
1,Section Item 1,1241
2,Section Item 6,1241
3,Section Item 5,1241
1,Section Item 3,1242
2,Section Item 4,1242
3,Section Item 2,1242
1,Section Item 2,1243
2,Section Item 5,1243
3,Section Item 1,1243
1,Section Item 2,1244
2,Section Item 2,1244
3,Section Item 6,1244
1,Section Item 2,1245
2,Section Item 6,1245
3,Section Item 5,1245
1,Section Item 4,1246
2,Section Item 4,1246
3,Section Item 4,1246
1,Section Item 3,1247
2,Section Item 1,1247
3,Section Item 6,1247
1,Section Item 5,1248
2,Section Item 5,1248
3,Section Item 3,1248
1,Section Item 6,1249
2,Section Item 5,1249
3,Section Item 1,1249
1,Section Item 4,1250
2,Section Item 1,1250
3,Section Item 2,1250
1,Section Item 1,1251
2,Section Item 1,1251
3,Section Item 4,1251
1,Section Item 2,1252
2,Section Item 4,1252
3,Section Item 6,1252
1,Section Item 4,1253
2,Section Item 1,1253
3,Section Item 6,1253
1,Section Item 4,1254
2,Section Item 2,1254
3,Section Item 5,1254
1,Section Item 3,1255
2,Section Item 6,1255
3,Section Item 5,1255
1,Section Item 5,1256
2,Section Item 1,1256
3,Section Item 5,1256
1,Section Item 4,1257
2,Section Item 6,1257
3,Section Item 2,1257
1,Section Item 5,1258
2,Section Item 5,1258
3,Section Item 1,1258
1,Section Item 1,1259
2,Section Item 4,1259
3,Section Item 2,1259
1,Section Item 5,1260
2,Section Item 6,1260
3,Section Item 1,1260
1,Section Item 5,1261
2,Section Item 4,1261
3,Section Item 3,1261
1,Section Item 6,1262
2,Section Item 6,1262
3,Section Item 1,1262
1,Section Item 4,1263
2,Section Item 5,1263
3,Section Item 3,1263
1,Section Item 4,1264
2,Section Item 6,1264
3,Section Item 3,1264
1,Section Item 1,1265
2,Section Item 4,1265
3,Section Item 1,1265
1,Section Item 4,1266
2,Section Item 3,1266
3,Section Item 2,1266
1,Section Item 5,1267
2,Section Item 2,1267
3,Section Item 3,1267
1,Section Item 3,1268
2,Section Item 2,1268
3,Section Item 6,1268
1,Section Item 5,1269
2,Section Item 6,1269
3,Section Item 3,1269
1,Section Item 1,1270
2,Section Item 6,1270
3,Section Item 3,1270
1,Section Item 4,1271
2,Section Item 2,1271
3,Section Item 1,1271
1,Section Item 5,1272
2,Section Item 3,1272
3,Section Item 1,1272
1,Section Item 1,1273
2,Section Item 3,1273
3,Section Item 4,1273
1,Section Item 5,1274
2,Section Item 3,1274
3,Section Item 5,1274
1,Section Item 2,1275
2,Section Item 6,1275
3,Section Item 4,1275
1,Section Item 4,1276
2,Section Item 1,1276
3,Section Item 4,1276
1,Section Item 5,1277
2,Section Item 2,1277
3,Section Item 3,1277
1,Section Item 5,1278
2,Section Item 3,1278
3,Section Item 4,1278
1,Section Item 5,1279
2,Section Item 3,1279
3,Section Item 3,1279
1,Section Item 5,1280
2,Section Item 2,1280
3,Section Item 1,1280
1,Section Item 5,1281
2,Section Item 4,1281
3,Section Item 5,1281
1,Section Item 1,1282
2,Section Item 3,1282
3,Section Item 3,1282
1,Section Item 5,1283
2,Section Item 4,1283
3,Section Item 1,1283
1,Section Item 5,1284
2,Section Item 3,1284
3,Section Item 3,1284
1,Section Item 1,1285
2,Section Item 6,1285
3,Section Item 2,1285
1,Section Item 4,1286
2,Section Item 2,1286
3,Section Item 1,1286
1,Section Item 2,1287
2,Section Item 1,1287
3,Section Item 5,1287
1,Section Item 1,1288
2,Section Item 2,1288
3,Section Item 2,1288
1,Section Item 5,1289
2,Section Item 3,1289
3,Section Item 5,1289
1,Section Item 3,1290
2,Section Item 2,1290
3,Section Item 6,1290
1,Section Item 5,1291
2,Section Item 4,1291
3,Section Item 4,1291
1,Section Item 4,1292
2,Section Item 5,1292
3,Section Item 4,1292
1,Section Item 6,1293
2,Section Item 1,1293
3,Section Item 1,1293
1,Section Item 1,1294
2,Section Item 1,1294
3,Section Item 3,1294
1,Section Item 4,1295
2,Section Item 3,1295
3,Section Item 3,1295
1,Section Item 2,1296
2,Section Item 1,1296
3,Section Item 3,1296
1,Section Item 1,1297
2,Section Item 4,1297
3,Section Item 4,1297
1,Section Item 1,1298
2,Section Item 1,1298
3,Section Item 4,1298
1,Section Item 3,1299
2,Section Item 3,1299
3,Section Item 2,1299
1,Section Item 4,1300
2,Section Item 6,1300
3,Section Item 6,1300
1,Section Item 2,1301
2,Section Item 1,1301
3,Section Item 4,1301
1,Section Item 6,1302
2,Section Item 1,1302
3,Section Item 4,1302
1,Section Item 1,1303
2,Section Item 5,1303
3,Section Item 4,1303
1,Section Item 6,1304
2,Section Item 5,1304
3,Section Item 2,1304
1,Section Item 1,1305
2,Section Item 6,1305
3,Section Item 6,1305
1,Section Item 5,1306
2,Section Item 6,1306
3,Section Item 5,1306
1,Section Item 6,1307
2,Section Item 5,1307
3,Section Item 6,1307
1,Section Item 4,1308
2,Section Item 1,1308
3,Section Item 2,1308
1,Section Item 1,1309
2,Section Item 3,1309
3,Section Item 3,1309
1,Section Item 1,1310
2,Section Item 3,1310
3,Section Item 5,1310
1,Section Item 4,1311
2,Section Item 4,1311
3,Section Item 6,1311
1,Section Item 6,1312
2,Section Item 3,1312
3,Section Item 4,1312
1,Section Item 6,1313
2,Section Item 5,1313
3,Section Item 3,1313
1,Section Item 1,1314
2,Section Item 5,1314
3,Section Item 4,1314
1,Section Item 1,1315
2,Section Item 5,1315
3,Section Item 1,1315
1,Section Item 5,1316
2,Section Item 4,1316
3,Section Item 6,1316
1,Section Item 3,1317
2,Section Item 1,1317
3,Section Item 1,1317
1,Section Item 2,1318
2,Section Item 2,1318
3,Section Item 4,1318
1,Section Item 4,1319
2,Section Item 5,1319
3,Section Item 6,1319
1,Section Item 2,1320
2,Section Item 2,1320
3,Section Item 5,1320
1,Section Item 6,1321
2,Section Item 2,1321
3,Section Item 6,1321
1,Section Item 4,1322
2,Section Item 4,1322
3,Section Item 3,1322
1,Section Item 1,1323
2,Section Item 5,1323
3,Section Item 6,1323
1,Section Item 2,1324
2,Section Item 5,1324
3,Section Item 3,1324
1,Section Item 4,1325
2,Section Item 6,1325
3,Section Item 2,1325
1,Section Item 3,1326
2,Section Item 5,1326
3,Section Item 5,1326
1,Section Item 2,1327
2,Section Item 1,1327
3,Section Item 3,1327
1,Section Item 6,1328
2,Section Item 2,1328
3,Section Item 1,1328
1,Section Item 1,1329
2,Section Item 2,1329
3,Section Item 5,1329
1,Section Item 6,1330
2,Section Item 6,1330
3,Section Item 1,1330
1,Section Item 3,1331
2,Section Item 2,1331
3,Section Item 2,1331
1,Section Item 3,1332
2,Section Item 1,1332
3,Section Item 3,1332
1,Section Item 5,1333
2,Section Item 6,1333
3,Section Item 3,1333
1,Section Item 2,1334
2,Section Item 1,1334
3,Section Item 5,1334
1,Section Item 4,1335
2,Section Item 6,1335
3,Section Item 4,1335
1,Section Item 4,1336
2,Section Item 2,1336
3,Section Item 2,1336
1,Section Item 5,1337
2,Section Item 6,1337
3,Section Item 5,1337
1,Section Item 6,1338
2,Section Item 2,1338
3,Section Item 4,1338
1,Section Item 4,1339
2,Section Item 3,1339
3,Section Item 3,1339
1,Section Item 2,1340
2,Section Item 6,1340
3,Section Item 5,1340
1,Section Item 1,1341
2,Section Item 3,1341
3,Section Item 1,1341
1,Section Item 2,1342
2,Section Item 5,1342
3,Section Item 4,1342
1,Section Item 6,1343
2,Section Item 6,1343
3,Section Item 4,1343
1,Section Item 4,1344
2,Section Item 4,1344
3,Section Item 4,1344
1,Section Item 3,1345
2,Section Item 4,1345
3,Section Item 2,1345
1,Section Item 1,1346
2,Section Item 4,1346
3,Section Item 1,1346
1,Section Item 1,1347
2,Section Item 4,1347
3,Section Item 4,1347
1,Section Item 3,1348
2,Section Item 5,1348
3,Section Item 6,1348
1,Section Item 6,1349
2,Section Item 6,1349
3,Section Item 4,1349
1,Section Item 2,1350
2,Section Item 6,1350
3,Section Item 4,1350
1,Section Item 2,1351
2,Section Item 1,1351
3,Section Item 5,1351
1,Section Item 5,1352
2,Section Item 1,1352
3,Section Item 2,1352
1,Section Item 3,1353
2,Section Item 4,1353
3,Section Item 5,1353
1,Section Item 3,1354
2,Section Item 5,1354
3,Section Item 1,1354
1,Section Item 3,1355
2,Section Item 5,1355
3,Section Item 3,1355
1,Section Item 2,1356
2,Section Item 1,1356
3,Section Item 6,1356
1,Section Item 1,1357
2,Section Item 6,1357
3,Section Item 3,1357
1,Section Item 2,1358
2,Section Item 6,1358
3,Section Item 3,1358
1,Section Item 6,1359
2,Section Item 5,1359
3,Section Item 5,1359
1,Section Item 6,1360
2,Section Item 5,1360
3,Section Item 1,1360
1,Section Item 2,1361
2,Section Item 4,1361
3,Section Item 3,1361
1,Section Item 2,1362
2,Section Item 3,1362
3,Section Item 5,1362
1,Section Item 6,1363
2,Section Item 6,1363
3,Section Item 2,1363
1,Section Item 1,1364
2,Section Item 5,1364
3,Section Item 5,1364
1,Section Item 6,1365
2,Section Item 6,1365
3,Section Item 6,1365
1,Section Item 5,1366
2,Section Item 2,1366
3,Section Item 6,1366
1,Section Item 3,1367
2,Section Item 5,1367
3,Section Item 5,1367
1,Section Item 5,1368
2,Section Item 6,1368
3,Section Item 1,1368
1,Section Item 5,1369
2,Section Item 5,1369
3,Section Item 2,1369
1,Section Item 4,1370
2,Section Item 5,1370
3,Section Item 3,1370
1,Section Item 4,1371
2,Section Item 3,1371
3,Section Item 5,1371
1,Section Item 3,1372
2,Section Item 5,1372
3,Section Item 3,1372
1,Section Item 1,1373
2,Section Item 2,1373
3,Section Item 5,1373
1,Section Item 6,1374
2,Section Item 6,1374
3,Section Item 4,1374
1,Section Item 5,1375
2,Section Item 6,1375
3,Section Item 5,1375
1,Section Item 1,1376
2,Section Item 5,1376
3,Section Item 3,1376
1,Section Item 6,1377
2,Section Item 2,1377
3,Section Item 2,1377
1,Section Item 5,1378
2,Section Item 2,1378
3,Section Item 6,1378
1,Section Item 5,1379
2,Section Item 2,1379
3,Section Item 2,1379
1,Section Item 3,1380
2,Section Item 6,1380
3,Section Item 2,1380
1,Section Item 3,1381
2,Section Item 1,1381
3,Section Item 1,1381
1,Section Item 5,1382
2,Section Item 1,1382
3,Section Item 5,1382
1,Section Item 3,1383
2,Section Item 5,1383
3,Section Item 2,1383
1,Section Item 5,1384
2,Section Item 5,1384
3,Section Item 3,1384
1,Section Item 4,1385
2,Section Item 6,1385
3,Section Item 1,1385
1,Section Item 2,1386
2,Section Item 5,1386
3,Section Item 5,1386
1,Section Item 5,1387
2,Section Item 3,1387
3,Section Item 5,1387
1,Section Item 6,1388
2,Section Item 4,1388
3,Section Item 5,1388
1,Section Item 4,1389
2,Section Item 2,1389
3,Section Item 3,1389
1,Section Item 2,1390
2,Section Item 6,1390
3,Section Item 2,1390
1,Section Item 6,1391
2,Section Item 2,1391
3,Section Item 6,1391
1,Section Item 3,1392
2,Section Item 6,1392
3,Section Item 4,1392
1,Section Item 6,1393
2,Section Item 4,1393
3,Section Item 5,1393
1,Section Item 2,1394
2,Section Item 6,1394
3,Section Item 6,1394
1,Section Item 1,1395
2,Section Item 2,1395
3,Section Item 3,1395
1,Section Item 5,1396
2,Section Item 3,1396
3,Section Item 4,1396
1,Section Item 5,1397
2,Section Item 2,1397
3,Section Item 2,1397
1,Section Item 6,1398
2,Section Item 4,1398
3,Section Item 6,1398
1,Section Item 4,1399
2,Section Item 3,1399
3,Section Item 4,1399
1,Section Item 4,1400
2,Section Item 3,1400
3,Section Item 5,1400
1,Section Item 3,1401
2,Section Item 3,1401
3,Section Item 4,1401
1,Section Item 1,1402
2,Section Item 2,1402
3,Section Item 4,1402
1,Section Item 6,1403
2,Section Item 1,1403
3,Section Item 5,1403
1,Section Item 4,1404
2,Section Item 5,1404
3,Section Item 4,1404
1,Section Item 1,1405
2,Section Item 6,1405
3,Section Item 4,1405
1,Section Item 2,1406
2,Section Item 5,1406
3,Section Item 3,1406
1,Section Item 4,1407
2,Section Item 4,1407
3,Section Item 2,1407
1,Section Item 2,1408
2,Section Item 5,1408
3,Section Item 2,1408
1,Section Item 2,1409
2,Section Item 1,1409
3,Section Item 6,1409
1,Section Item 1,1410
2,Section Item 2,1410
3,Section Item 2,1410
1,Section Item 2,1411
2,Section Item 1,1411
3,Section Item 4,1411
1,Section Item 5,1412
2,Section Item 5,1412
3,Section Item 3,1412
1,Section Item 5,1413
2,Section Item 2,1413
3,Section Item 3,1413
1,Section Item 5,1414
2,Section Item 5,1414
3,Section Item 5,1414
1,Section Item 2,1415
2,Section Item 2,1415
3,Section Item 6,1415
1,Section Item 3,1416
2,Section Item 4,1416
3,Section Item 4,1416
1,Section Item 2,1417
2,Section Item 1,1417
3,Section Item 2,1417
1,Section Item 1,1418
2,Section Item 4,1418
3,Section Item 5,1418
1,Section Item 5,1419
2,Section Item 1,1419
3,Section Item 6,1419
1,Section Item 5,1420
2,Section Item 5,1420
3,Section Item 2,1420
1,Section Item 5,1421
2,Section Item 3,1421
3,Section Item 1,1421
1,Section Item 1,1422
2,Section Item 1,1422
3,Section Item 5,1422
1,Section Item 6,1423
2,Section Item 6,1423
3,Section Item 6,1423
1,Section Item 3,1424
2,Section Item 4,1424
3,Section Item 1,1424
1,Section Item 6,1425
2,Section Item 5,1425
3,Section Item 3,1425
1,Section Item 2,1426
2,Section Item 6,1426
3,Section Item 5,1426
1,Section Item 5,1427
2,Section Item 5,1427
3,Section Item 1,1427
1,Section Item 3,1428
2,Section Item 4,1428
3,Section Item 5,1428
1,Section Item 2,1429
2,Section Item 3,1429
3,Section Item 1,1429
1,Section Item 4,1430
2,Section Item 6,1430
3,Section Item 5,1430
1,Section Item 5,1431
2,Section Item 4,1431
3,Section Item 2,1431
1,Section Item 2,1432
2,Section Item 5,1432
3,Section Item 6,1432
1,Section Item 5,1433
2,Section Item 6,1433
3,Section Item 3,1433
1,Section Item 6,1434
2,Section Item 4,1434
3,Section Item 2,1434
1,Section Item 2,1435
2,Section Item 3,1435
3,Section Item 2,1435
1,Section Item 3,1436
2,Section Item 6,1436
3,Section Item 3,1436
1,Section Item 3,1437
2,Section Item 1,1437
3,Section Item 6,1437
1,Section Item 1,1438
2,Section Item 5,1438
3,Section Item 5,1438
1,Section Item 3,1439
2,Section Item 3,1439
3,Section Item 2,1439
1,Section Item 4,1440
2,Section Item 3,1440
3,Section Item 4,1440
1,Section Item 1,1441
2,Section Item 5,1441
3,Section Item 3,1441
1,Section Item 1,1442
2,Section Item 6,1442
3,Section Item 3,1442
1,Section Item 2,1443
2,Section Item 2,1443
3,Section Item 5,1443
1,Section Item 6,1444
2,Section Item 3,1444
3,Section Item 5,1444
1,Section Item 6,1445
2,Section Item 5,1445
3,Section Item 3,1445
1,Section Item 3,1446
2,Section Item 5,1446
3,Section Item 6,1446
1,Section Item 3,1447
2,Section Item 3,1447
3,Section Item 5,1447
1,Section Item 1,1448
2,Section Item 4,1448
3,Section Item 1,1448
1,Section Item 6,1449
2,Section Item 1,1449
3,Section Item 1,1449
1,Section Item 6,1450
2,Section Item 4,1450
3,Section Item 3,1450
1,Section Item 4,1451
2,Section Item 4,1451
3,Section Item 5,1451
1,Section Item 1,1452
2,Section Item 4,1452
3,Section Item 4,1452
1,Section Item 1,1453
2,Section Item 1,1453
3,Section Item 3,1453
1,Section Item 5,1454
2,Section Item 3,1454
3,Section Item 1,1454
1,Section Item 3,1455
2,Section Item 6,1455
3,Section Item 5,1455
1,Section Item 1,1456
2,Section Item 6,1456
3,Section Item 1,1456
1,Section Item 6,1457
2,Section Item 5,1457
3,Section Item 5,1457
1,Section Item 4,1458
2,Section Item 1,1458
3,Section Item 1,1458
1,Section Item 5,1459
2,Section Item 4,1459
3,Section Item 2,1459
1,Section Item 2,1460
2,Section Item 6,1460
3,Section Item 1,1460
1,Section Item 2,1461
2,Section Item 5,1461
3,Section Item 2,1461
1,Section Item 3,1462
2,Section Item 1,1462
3,Section Item 6,1462
1,Section Item 3,1463
2,Section Item 5,1463
3,Section Item 4,1463
1,Section Item 4,1464
2,Section Item 2,1464
3,Section Item 3,1464
1,Section Item 1,1465
2,Section Item 1,1465
3,Section Item 4,1465
1,Section Item 5,1466
2,Section Item 4,1466
3,Section Item 3,1466
1,Section Item 2,1467
2,Section Item 5,1467
3,Section Item 2,1467
1,Section Item 3,1468
2,Section Item 1,1468
3,Section Item 1,1468
1,Section Item 1,1469
2,Section Item 1,1469
3,Section Item 6,1469
1,Section Item 6,1470
2,Section Item 5,1470
3,Section Item 6,1470
1,Section Item 4,1471
2,Section Item 1,1471
3,Section Item 2,1471
1,Section Item 2,1472
2,Section Item 2,1472
3,Section Item 1,1472
1,Section Item 5,1473
2,Section Item 1,1473
3,Section Item 4,1473
1,Section Item 5,1474
2,Section Item 1,1474
3,Section Item 4,1474
1,Section Item 4,1475
2,Section Item 3,1475
3,Section Item 4,1475
1,Section Item 6,1476
2,Section Item 6,1476
3,Section Item 6,1476
1,Section Item 3,1477
2,Section Item 5,1477
3,Section Item 2,1477
1,Section Item 5,1478
2,Section Item 6,1478
3,Section Item 6,1478
1,Section Item 6,1479
2,Section Item 1,1479
3,Section Item 6,1479
1,Section Item 4,1480
2,Section Item 3,1480
3,Section Item 5,1480
1,Section Item 5,1481
2,Section Item 5,1481
3,Section Item 6,1481
1,Section Item 6,1482
2,Section Item 5,1482
3,Section Item 6,1482
1,Section Item 1,1483
2,Section Item 6,1483
3,Section Item 3,1483
1,Section Item 1,1484
2,Section Item 4,1484
3,Section Item 4,1484
1,Section Item 5,1485
2,Section Item 1,1485
3,Section Item 2,1485
1,Section Item 6,1486
2,Section Item 4,1486
3,Section Item 2,1486
1,Section Item 6,1487
2,Section Item 1,1487
3,Section Item 4,1487
1,Section Item 6,1488
2,Section Item 3,1488
3,Section Item 5,1488
1,Section Item 6,1489
2,Section Item 5,1489
3,Section Item 4,1489
1,Section Item 6,1490
2,Section Item 1,1490
3,Section Item 6,1490
1,Section Item 1,1491
2,Section Item 5,1491
3,Section Item 1,1491
1,Section Item 2,1492
2,Section Item 5,1492
3,Section Item 1,1492
1,Section Item 1,1493
2,Section Item 5,1493
3,Section Item 4,1493
1,Section Item 2,1494
2,Section Item 5,1494
3,Section Item 4,1494
1,Section Item 1,1495
2,Section Item 5,1495
3,Section Item 2,1495
1,Section Item 5,1496
2,Section Item 2,1496
3,Section Item 2,1496
1,Section Item 6,1497
2,Section Item 5,1497
3,Section Item 6,1497
1,Section Item 5,1498
2,Section Item 2,1498
3,Section Item 1,1498
1,Section Item 1,1499
2,Section Item 2,1499
3,Section Item 1,1499
1,Section Item 4,1500
2,Section Item 6,1500
3,Section Item 1,1500
1,Section Item 4,1501
2,Section Item 6,1501
3,Section Item 1,1501
1,Section Item 4,1502
2,Section Item 5,1502
3,Section Item 1,1502
1,Section Item 6,1503
2,Section Item 3,1503
3,Section Item 4,1503
1,Section Item 2,1504
2,Section Item 4,1504
3,Section Item 6,1504
1,Section Item 3,1505
2,Section Item 6,1505
3,Section Item 3,1505
1,Section Item 3,1506
2,Section Item 2,1506
3,Section Item 5,1506
1,Section Item 1,1507
2,Section Item 4,1507
3,Section Item 3,1507
1,Section Item 5,1508
2,Section Item 5,1508
3,Section Item 6,1508
1,Section Item 1,1509
2,Section Item 2,1509
3,Section Item 2,1509
1,Section Item 2,1510
2,Section Item 3,1510
3,Section Item 3,1510
1,Section Item 4,1511
2,Section Item 4,1511
3,Section Item 4,1511
1,Section Item 4,1512
2,Section Item 3,1512
3,Section Item 5,1512
1,Section Item 6,1513
2,Section Item 4,1513
3,Section Item 3,1513
1,Section Item 1,1514
2,Section Item 5,1514
3,Section Item 2,1514
1,Section Item 4,1515
2,Section Item 5,1515
3,Section Item 3,1515
1,Section Item 1,1516
2,Section Item 5,1516
3,Section Item 4,1516
1,Section Item 1,1517
2,Section Item 5,1517
3,Section Item 6,1517
1,Section Item 6,1518
2,Section Item 3,1518
3,Section Item 5,1518
1,Section Item 2,1519
2,Section Item 4,1519
3,Section Item 3,1519
1,Section Item 3,1520
2,Section Item 2,1520
3,Section Item 6,1520
1,Section Item 4,1521
2,Section Item 6,1521
3,Section Item 5,1521
1,Section Item 1,1522
2,Section Item 2,1522
3,Section Item 1,1522
1,Section Item 1,1523
2,Section Item 1,1523
3,Section Item 6,1523
1,Section Item 4,1524
2,Section Item 5,1524
3,Section Item 6,1524
1,Section Item 3,1525
2,Section Item 3,1525
3,Section Item 2,1525
1,Section Item 5,1526
2,Section Item 5,1526
3,Section Item 3,1526
1,Section Item 4,1527
2,Section Item 5,1527
3,Section Item 2,1527
1,Section Item 3,1528
2,Section Item 5,1528
3,Section Item 3,1528
1,Section Item 2,1529
2,Section Item 4,1529
3,Section Item 2,1529
1,Section Item 3,1530
2,Section Item 3,1530
3,Section Item 4,1530
1,Section Item 4,1531
2,Section Item 3,1531
3,Section Item 5,1531
1,Section Item 1,1532
2,Section Item 4,1532
3,Section Item 5,1532
1,Section Item 2,1533
2,Section Item 2,1533
3,Section Item 2,1533
1,Section Item 4,1534
2,Section Item 3,1534
3,Section Item 4,1534
1,Section Item 5,1535
2,Section Item 3,1535
3,Section Item 5,1535
1,Section Item 5,1536
2,Section Item 4,1536
3,Section Item 4,1536
1,Section Item 1,1537
2,Section Item 1,1537
3,Section Item 2,1537
1,Section Item 4,1538
2,Section Item 6,1538
3,Section Item 4,1538
1,Section Item 4,1539
2,Section Item 3,1539
3,Section Item 5,1539
1,Section Item 3,1540
2,Section Item 1,1540
3,Section Item 3,1540
1,Section Item 4,1541
2,Section Item 6,1541
3,Section Item 4,1541
1,Section Item 1,1542
2,Section Item 2,1542
3,Section Item 3,1542
1,Section Item 6,1543
2,Section Item 6,1543
3,Section Item 3,1543
1,Section Item 1,1544
2,Section Item 1,1544
3,Section Item 6,1544
1,Section Item 3,1545
2,Section Item 3,1545
3,Section Item 5,1545
1,Section Item 6,1546
2,Section Item 2,1546
3,Section Item 6,1546
1,Section Item 1,1547
2,Section Item 2,1547
3,Section Item 6,1547
1,Section Item 3,1548
2,Section Item 6,1548
3,Section Item 6,1548
1,Section Item 4,1549
2,Section Item 6,1549
3,Section Item 5,1549
1,Section Item 2,1550
2,Section Item 5,1550
3,Section Item 6,1550
1,Section Item 1,1551
2,Section Item 2,1551
3,Section Item 1,1551
1,Section Item 1,1552
2,Section Item 3,1552
3,Section Item 1,1552
1,Section Item 2,1553
2,Section Item 5,1553
3,Section Item 2,1553
1,Section Item 5,1554
2,Section Item 3,1554
3,Section Item 2,1554
1,Section Item 5,1555
2,Section Item 1,1555
3,Section Item 4,1555
1,Section Item 2,1556
2,Section Item 2,1556
3,Section Item 4,1556
1,Section Item 5,1557
2,Section Item 3,1557
3,Section Item 2,1557
1,Section Item 1,1558
2,Section Item 3,1558
3,Section Item 6,1558
1,Section Item 3,1559
2,Section Item 6,1559
3,Section Item 5,1559
1,Section Item 1,1560
2,Section Item 5,1560
3,Section Item 4,1560
1,Section Item 4,1561
2,Section Item 2,1561
3,Section Item 1,1561
