Section_ID,Section_Name,Active,Course_id,
100,Course Information,Y,COMP011,
101,Lecture Slides,Y,COMP011,
102,Quizzes,Y,COMP011,
103,Midsemester Examination,Y,COMP011,
104,Assignments,Y,COMP011,
105,Past Papers,Y,COMP011,
106,Additional Resources,Y,COMP011,
107,Course Information,Y,COMP012,
108,Lecture Slides,Y,COMP012,
109,Quizzes,Y,COMP012,
110,Midsemester Examination,Y,COMP012,
111,Assignments,Y,COMP012,
112,Past Papers,Y,COMP012,
113,Additional Resources,Y,COMP012,
114,Course Information,Y,COMP016,
115,Lecture Slides,Y,COMP016,
116,Quizzes,Y,COMP016,
117,Midsemester Examination,Y,COMP016,
118,Assignments,Y,COMP016,
119,Past Papers,Y,COMP016,
120,Additional Resources,Y,COMP016,
121,Course Information,Y,COMP047,
122,Lecture Slides,Y,COMP047,
123,Quizzes,Y,COMP047,
124,Midsemester Examination,Y,COMP047,
125,Assignments,Y,COMP047,
126,Past Papers,Y,COMP047,
127,Additional Resources,Y,COMP047,
128,Course Information,Y,COMP048,
129,Lecture Slides,Y,COMP048,
130,Quizzes,Y,COMP048,
131,Midsemester Examination,Y,COMP048,
132,Assignments,Y,COMP048,
133,Past Papers,Y,COMP048,
134,Additional Resources,Y,COMP048,
135,Course Information,Y,COMP077,
136,Lecture Slides,Y,COMP077,
137,Quizzes,Y,COMP077,
138,Midsemester Examination,Y,COMP077,
139,Assignments,Y,COMP077,
140,Past Papers,Y,COMP077,
141,Additional Resources,Y,COMP077,
142,Course Information,Y,COMP109,
143,Lecture Slides,Y,COMP109,
144,Quizzes,Y,COMP109,
145,Midsemester Examination,Y,COMP109,
146,Assignments,Y,COMP109,
147,Past Papers,Y,COMP109,
148,Additional Resources,Y,COMP109,
149,Course Information,Y,COMP133,
150,Lecture Slides,Y,COMP133,
151,Quizzes,Y,COMP133,
152,Midsemester Examination,Y,COMP133,
153,Assignments,Y,COMP133,
154,Past Papers,Y,COMP133,
155,Additional Resources,Y,COMP133,
156,Course Information,Y,COMP135,
157,Lecture Slides,Y,COMP135,
158,Quizzes,Y,COMP135,
159,Midsemester Examination,Y,COMP135,
160,Assignments,Y,COMP135,
161,Past Papers,Y,COMP135,
162,Additional Resources,Y,COMP135,
163,Course Information,Y,COMP149,
164,Lecture Slides,Y,COMP149,
165,Quizzes,Y,COMP149,
166,Midsemester Examination,Y,COMP149,
167,Assignments,Y,COMP149,
168,Past Papers,Y,COMP149,
169,Additional Resources,Y,COMP149,
170,Course Information,Y,COMP154,
171,Lecture Slides,Y,COMP154,
172,Quizzes,Y,COMP154,
173,Midsemester Examination,Y,COMP154,
174,Assignments,Y,COMP154,
175,Past Papers,Y,COMP154,
176,Additional Resources,Y,COMP154,
177,Course Information,Y,COMP155,
178,Lecture Slides,Y,COMP155,
179,Quizzes,Y,COMP155,
180,Midsemester Examination,Y,COMP155,
181,Assignments,Y,COMP155,
182,Past Papers,Y,COMP155,
183,Additional Resources,Y,COMP155,
184,Course Information,Y,COMP183,
185,Lecture Slides,Y,COMP183,
186,Quizzes,Y,COMP183,
187,Midsemester Examination,Y,COMP183,
188,Assignments,Y,COMP183,
189,Past Papers,Y,COMP183,
190,Additional Resources,Y,COMP183,
191,Course Information,Y,COMP267,
192,Lecture Slides,Y,COMP267,
193,Quizzes,Y,COMP267,
194,Midsemester Examination,Y,COMP267,
195,Assignments,Y,COMP267,
196,Past Papers,Y,COMP267,
197,Additional Resources,Y,COMP267,
198,Course Information,Y,COMP268,
199,Lecture Slides,Y,COMP268,
200,Quizzes,Y,COMP268,
201,Midsemester Examination,Y,COMP268,
202,Assignments,Y,COMP268,
203,Past Papers,Y,COMP268,
204,Additional Resources,Y,COMP268,
205,Course Information,Y,COMP270,
206,Lecture Slides,Y,COMP270,
207,Quizzes,Y,COMP270,
208,Midsemester Examination,Y,COMP270,
209,Assignments,Y,COMP270,
210,Past Papers,Y,COMP270,
211,Additional Resources,Y,COMP270,
212,Course Information,Y,COMP275,
213,Lecture Slides,Y,COMP275,
214,Quizzes,Y,COMP275,
215,Midsemester Examination,Y,COMP275,
216,Assignments,Y,COMP275,
217,Past Papers,Y,COMP275,
218,Additional Resources,Y,COMP275,
219,Course Information,Y,COMP318,
220,Lecture Slides,Y,COMP318,
221,Quizzes,Y,COMP318,
222,Midsemester Examination,Y,COMP318,
223,Assignments,Y,COMP318,
224,Past Papers,Y,COMP318,
225,Additional Resources,Y,COMP318,
226,Course Information,Y,COMP320,
227,Lecture Slides,Y,COMP320,
228,Quizzes,Y,COMP320,
229,Midsemester Examination,Y,COMP320,
230,Assignments,Y,COMP320,
231,Past Papers,Y,COMP320,
232,Additional Resources,Y,COMP320,
233,Course Information,Y,COMP331,
234,Lecture Slides,Y,COMP331,
235,Quizzes,Y,COMP331,
236,Midsemester Examination,Y,COMP331,
237,Assignments,Y,COMP331,
238,Past Papers,Y,COMP331,
239,Additional Resources,Y,COMP331,
240,Course Information,Y,COMP343,
241,Lecture Slides,Y,COMP343,
242,Quizzes,Y,COMP343,
243,Midsemester Examination,Y,COMP343,
244,Assignments,Y,COMP343,
245,Past Papers,Y,COMP343,
246,Additional Resources,Y,COMP343,
247,Course Information,Y,COMP365,
248,Lecture Slides,Y,COMP365,
249,Quizzes,Y,COMP365,
250,Midsemester Examination,Y,COMP365,
251,Assignments,Y,COMP365,
252,Past Papers,Y,COMP365,
253,Additional Resources,Y,COMP365,
254,Course Information,Y,COMP369,
255,Lecture Slides,Y,COMP369,
256,Quizzes,Y,COMP369,
257,Midsemester Examination,Y,COMP369,
258,Assignments,Y,COMP369,
259,Past Papers,Y,COMP369,
260,Additional Resources,Y,COMP369,
261,Course Information,Y,COMP376,
262,Lecture Slides,Y,COMP376,
263,Quizzes,Y,COMP376,
264,Midsemester Examination,Y,COMP376,
265,Assignments,Y,COMP376,
266,Past Papers,Y,COMP376,
267,Additional Resources,Y,COMP376,
268,Course Information,Y,COMP446,
269,Lecture Slides,Y,COMP446,
270,Quizzes,Y,COMP446,
271,Midsemester Examination,Y,COMP446,
272,Assignments,Y,COMP446,
273,Past Papers,Y,COMP446,
274,Additional Resources,Y,COMP446,
275,Course Information,Y,COMP459,
276,Lecture Slides,Y,COMP459,
277,Quizzes,Y,COMP459,
278,Midsemester Examination,Y,COMP459,
279,Assignments,Y,COMP459,
280,Past Papers,Y,COMP459,
281,Additional Resources,Y,COMP459,
282,Course Information,Y,COMP518,
283,Lecture Slides,Y,COMP518,
284,Quizzes,Y,COMP518,
285,Midsemester Examination,Y,COMP518,
286,Assignments,Y,COMP518,
287,Past Papers,Y,COMP518,
288,Additional Resources,Y,COMP518,
289,Course Information,Y,COMP576,
290,Lecture Slides,Y,COMP576,
291,Quizzes,Y,COMP576,
292,Midsemester Examination,Y,COMP576,
293,Assignments,Y,COMP576,
294,Past Papers,Y,COMP576,
295,Additional Resources,Y,COMP576,
296,Course Information,Y,COMP601,
297,Lecture Slides,Y,COMP601,
298,Quizzes,Y,COMP601,
299,Midsemester Examination,Y,COMP601,
300,Assignments,Y,COMP601,
301,Past Papers,Y,COMP601,
302,Additional Resources,Y,COMP601,
303,Course Information,Y,COMP674,
304,Lecture Slides,Y,COMP674,
305,Quizzes,Y,COMP674,
306,Midsemester Examination,Y,COMP674,
307,Assignments,Y,COMP674,
308,Past Papers,Y,COMP674,
309,Additional Resources,Y,COMP674,
310,Course Information,Y,COMP680,
311,Lecture Slides,Y,COMP680,
312,Quizzes,Y,COMP680,
313,Midsemester Examination,Y,COMP680,
314,Assignments,Y,COMP680,
315,Past Papers,Y,COMP680,
316,Additional Resources,Y,COMP680,
317,Course Information,Y,COMP682,
318,Lecture Slides,Y,COMP682,
319,Quizzes,Y,COMP682,
320,Midsemester Examination,Y,COMP682,
321,Assignments,Y,COMP682,
322,Past Papers,Y,COMP682,
323,Additional Resources,Y,COMP682,
324,Course Information,Y,COMP689,
325,Lecture Slides,Y,COMP689,
326,Quizzes,Y,COMP689,
327,Midsemester Examination,Y,COMP689,
328,Assignments,Y,COMP689,
329,Past Papers,Y,COMP689,
330,Additional Resources,Y,COMP689,
331,Course Information,Y,COMP727,
332,Lecture Slides,Y,COMP727,
333,Quizzes,Y,COMP727,
334,Midsemester Examination,Y,COMP727,
335,Assignments,Y,COMP727,
336,Past Papers,Y,COMP727,
337,Additional Resources,Y,COMP727,
338,Course Information,Y,COMP778,
339,Lecture Slides,Y,COMP778,
340,Quizzes,Y,COMP778,
341,Midsemester Examination,Y,COMP778,
342,Assignments,Y,COMP778,
343,Past Papers,Y,COMP778,
344,Additional Resources,Y,COMP778,
345,Course Information,Y,COMP793,
346,Lecture Slides,Y,COMP793,
347,Quizzes,Y,COMP793,
348,Midsemester Examination,Y,COMP793,
349,Assignments,Y,COMP793,
350,Past Papers,Y,COMP793,
351,Additional Resources,Y,COMP793,
352,Course Information,Y,COMP803,
353,Lecture Slides,Y,COMP803,
354,Quizzes,Y,COMP803,
355,Midsemester Examination,Y,COMP803,
356,Assignments,Y,COMP803,
357,Past Papers,Y,COMP803,
358,Additional Resources,Y,COMP803,
359,Course Information,Y,COMP834,
360,Lecture Slides,Y,COMP834,
361,Quizzes,Y,COMP834,
362,Midsemester Examination,Y,COMP834,
363,Assignments,Y,COMP834,
364,Past Papers,Y,COMP834,
365,Additional Resources,Y,COMP834,
366,Course Information,Y,COMP837,
367,Lecture Slides,Y,COMP837,
368,Quizzes,Y,COMP837,
369,Midsemester Examination,Y,COMP837,
370,Assignments,Y,COMP837,
371,Past Papers,Y,COMP837,
372,Additional Resources,Y,COMP837,
373,Course Information,Y,COMP848,
374,Lecture Slides,Y,COMP848,
375,Quizzes,Y,COMP848,
376,Midsemester Examination,Y,COMP848,
377,Assignments,Y,COMP848,
378,Past Papers,Y,COMP848,
379,Additional Resources,Y,COMP848,
380,Course Information,Y,COMP862,
381,Lecture Slides,Y,COMP862,
382,Quizzes,Y,COMP862,
383,Midsemester Examination,Y,COMP862,
384,Assignments,Y,COMP862,
385,Past Papers,Y,COMP862,
386,Additional Resources,Y,COMP862,
387,Course Information,Y,COMP876,
388,Lecture Slides,Y,COMP876,
389,Quizzes,Y,COMP876,
390,Midsemester Examination,Y,COMP876,
391,Assignments,Y,COMP876,
392,Past Papers,Y,COMP876,
393,Additional Resources,Y,COMP876,
394,Course Information,Y,COMP955,
395,Lecture Slides,Y,COMP955,
396,Quizzes,Y,COMP955,
397,Midsemester Examination,Y,COMP955,
398,Assignments,Y,COMP955,
399,Past Papers,Y,COMP955,
400,Additional Resources,Y,COMP955,
401,Course Information,Y,COMP994,
402,Lecture Slides,Y,COMP994,
403,Quizzes,Y,COMP994,
404,Midsemester Examination,Y,COMP994,
405,Assignments,Y,COMP994,
406,Past Papers,Y,COMP994,
407,Additional Resources,Y,COMP994,
408,Course Information,Y,COMP995,
409,Lecture Slides,Y,COMP995,
410,Quizzes,Y,COMP995,
411,Midsemester Examination,Y,COMP995,
412,Assignments,Y,COMP995,
413,Past Papers,Y,COMP995,
414,Additional Resources,Y,COMP995,
415,Course Information,Y,GOVT009,
416,Lecture Slides,Y,GOVT009,
417,Quizzes,Y,GOVT009,
418,Midsemester Examination,Y,GOVT009,
419,Assignments,Y,GOVT009,
420,Past Papers,Y,GOVT009,
421,Additional Resources,Y,GOVT009,
422,Course Information,Y,GOVT030,
423,Lecture Slides,Y,GOVT030,
424,Quizzes,Y,GOVT030,
425,Midsemester Examination,Y,GOVT030,
426,Assignments,Y,GOVT030,
427,Past Papers,Y,GOVT030,
428,Additional Resources,Y,GOVT030,
429,Course Information,Y,GOVT088,
430,Lecture Slides,Y,GOVT088,
431,Quizzes,Y,GOVT088,
432,Midsemester Examination,Y,GOVT088,
433,Assignments,Y,GOVT088,
434,Past Papers,Y,GOVT088,
435,Additional Resources,Y,GOVT088,
436,Course Information,Y,GOVT094,
437,Lecture Slides,Y,GOVT094,
438,Quizzes,Y,GOVT094,
439,Midsemester Examination,Y,GOVT094,
440,Assignments,Y,GOVT094,
441,Past Papers,Y,GOVT094,
442,Additional Resources,Y,GOVT094,
443,Course Information,Y,GOVT221,
444,Lecture Slides,Y,GOVT221,
445,Quizzes,Y,GOVT221,
446,Midsemester Examination,Y,GOVT221,
447,Assignments,Y,GOVT221,
448,Past Papers,Y,GOVT221,
449,Additional Resources,Y,GOVT221,
450,Course Information,Y,GOVT231,
451,Lecture Slides,Y,GOVT231,
452,Quizzes,Y,GOVT231,
453,Midsemester Examination,Y,GOVT231,
454,Assignments,Y,GOVT231,
455,Past Papers,Y,GOVT231,
456,Additional Resources,Y,GOVT231,
457,Course Information,Y,GOVT242,
458,Lecture Slides,Y,GOVT242,
459,Quizzes,Y,GOVT242,
460,Midsemester Examination,Y,GOVT242,
461,Assignments,Y,GOVT242,
462,Past Papers,Y,GOVT242,
463,Additional Resources,Y,GOVT242,
464,Course Information,Y,GOVT252,
465,Lecture Slides,Y,GOVT252,
466,Quizzes,Y,GOVT252,
467,Midsemester Examination,Y,GOVT252,
468,Assignments,Y,GOVT252,
469,Past Papers,Y,GOVT252,
470,Additional Resources,Y,GOVT252,
471,Course Information,Y,GOVT292,
472,Lecture Slides,Y,GOVT292,
473,Quizzes,Y,GOVT292,
474,Midsemester Examination,Y,GOVT292,
475,Assignments,Y,GOVT292,
476,Past Papers,Y,GOVT292,
477,Additional Resources,Y,GOVT292,
478,Course Information,Y,GOVT349,
479,Lecture Slides,Y,GOVT349,
480,Quizzes,Y,GOVT349,
481,Midsemester Examination,Y,GOVT349,
482,Assignments,Y,GOVT349,
483,Past Papers,Y,GOVT349,
484,Additional Resources,Y,GOVT349,
485,Course Information,Y,GOVT493,
486,Lecture Slides,Y,GOVT493,
487,Quizzes,Y,GOVT493,
488,Midsemester Examination,Y,GOVT493,
489,Assignments,Y,GOVT493,
490,Past Papers,Y,GOVT493,
491,Additional Resources,Y,GOVT493,
492,Course Information,Y,GOVT501,
493,Lecture Slides,Y,GOVT501,
494,Quizzes,Y,GOVT501,
495,Midsemester Examination,Y,GOVT501,
496,Assignments,Y,GOVT501,
497,Past Papers,Y,GOVT501,
498,Additional Resources,Y,GOVT501,
499,Course Information,Y,GOVT503,
500,Lecture Slides,Y,GOVT503,
501,Quizzes,Y,GOVT503,
502,Midsemester Examination,Y,GOVT503,
503,Assignments,Y,GOVT503,
504,Past Papers,Y,GOVT503,
505,Additional Resources,Y,GOVT503,
506,Course Information,Y,GOVT519,
507,Lecture Slides,Y,GOVT519,
508,Quizzes,Y,GOVT519,
509,Midsemester Examination,Y,GOVT519,
510,Assignments,Y,GOVT519,
511,Past Papers,Y,GOVT519,
512,Additional Resources,Y,GOVT519,
513,Course Information,Y,GOVT557,
514,Lecture Slides,Y,GOVT557,
515,Quizzes,Y,GOVT557,
516,Midsemester Examination,Y,GOVT557,
517,Assignments,Y,GOVT557,
518,Past Papers,Y,GOVT557,
519,Additional Resources,Y,GOVT557,
520,Course Information,Y,GOVT609,
521,Lecture Slides,Y,GOVT609,
522,Quizzes,Y,GOVT609,
523,Midsemester Examination,Y,GOVT609,
524,Assignments,Y,GOVT609,
525,Past Papers,Y,GOVT609,
526,Additional Resources,Y,GOVT609,
527,Course Information,Y,GOVT679,
528,Lecture Slides,Y,GOVT679,
529,Quizzes,Y,GOVT679,
530,Midsemester Examination,Y,GOVT679,
531,Assignments,Y,GOVT679,
532,Past Papers,Y,GOVT679,
533,Additional Resources,Y,GOVT679,
534,Course Information,Y,GOVT702,
535,Lecture Slides,Y,GOVT702,
536,Quizzes,Y,GOVT702,
537,Midsemester Examination,Y,GOVT702,
538,Assignments,Y,GOVT702,
539,Past Papers,Y,GOVT702,
540,Additional Resources,Y,GOVT702,
541,Course Information,Y,GOVT769,
542,Lecture Slides,Y,GOVT769,
543,Quizzes,Y,GOVT769,
544,Midsemester Examination,Y,GOVT769,
545,Assignments,Y,GOVT769,
546,Past Papers,Y,GOVT769,
547,Additional Resources,Y,GOVT769,
548,Course Information,Y,GOVT786,
549,Lecture Slides,Y,GOVT786,
550,Quizzes,Y,GOVT786,
551,Midsemester Examination,Y,GOVT786,
552,Assignments,Y,GOVT786,
553,Past Papers,Y,GOVT786,
554,Additional Resources,Y,GOVT786,
555,Course Information,Y,GOVT833,
556,Lecture Slides,Y,GOVT833,
557,Quizzes,Y,GOVT833,
558,Midsemester Examination,Y,GOVT833,
559,Assignments,Y,GOVT833,
560,Past Papers,Y,GOVT833,
561,Additional Resources,Y,GOVT833,
562,Course Information,Y,GOVT911,
563,Lecture Slides,Y,GOVT911,
564,Quizzes,Y,GOVT911,
565,Midsemester Examination,Y,GOVT911,
566,Assignments,Y,GOVT911,
567,Past Papers,Y,GOVT911,
568,Additional Resources,Y,GOVT911,
569,Course Information,Y,GOVT998,
570,Lecture Slides,Y,GOVT998,
571,Quizzes,Y,GOVT998,
572,Midsemester Examination,Y,GOVT998,
573,Assignments,Y,GOVT998,
574,Past Papers,Y,GOVT998,
575,Additional Resources,Y,GOVT998,
576,Course Information,Y,GOVT999,
577,Lecture Slides,Y,GOVT999,
578,Quizzes,Y,GOVT999,
579,Midsemester Examination,Y,GOVT999,
580,Assignments,Y,GOVT999,
581,Past Papers,Y,GOVT999,
582,Additional Resources,Y,GOVT999,
583,Course Information,Y,INFO037,
584,Lecture Slides,Y,INFO037,
585,Quizzes,Y,INFO037,
586,Midsemester Examination,Y,INFO037,
587,Assignments,Y,INFO037,
588,Past Papers,Y,INFO037,
589,Additional Resources,Y,INFO037,
590,Course Information,Y,INFO062,
591,Lecture Slides,Y,INFO062,
592,Quizzes,Y,INFO062,
593,Midsemester Examination,Y,INFO062,
594,Assignments,Y,INFO062,
595,Past Papers,Y,INFO062,
596,Additional Resources,Y,INFO062,
597,Course Information,Y,INFO086,
598,Lecture Slides,Y,INFO086,
599,Quizzes,Y,INFO086,
600,Midsemester Examination,Y,INFO086,
601,Assignments,Y,INFO086,
602,Past Papers,Y,INFO086,
603,Additional Resources,Y,INFO086,
604,Course Information,Y,INFO089,
605,Lecture Slides,Y,INFO089,
606,Quizzes,Y,INFO089,
607,Midsemester Examination,Y,INFO089,
608,Assignments,Y,INFO089,
609,Past Papers,Y,INFO089,
610,Additional Resources,Y,INFO089,
611,Course Information,Y,INFO105,
612,Lecture Slides,Y,INFO105,
613,Quizzes,Y,INFO105,
614,Midsemester Examination,Y,INFO105,
615,Assignments,Y,INFO105,
616,Past Papers,Y,INFO105,
617,Additional Resources,Y,INFO105,
618,Course Information,Y,INFO127,
619,Lecture Slides,Y,INFO127,
620,Quizzes,Y,INFO127,
621,Midsemester Examination,Y,INFO127,
622,Assignments,Y,INFO127,
623,Past Papers,Y,INFO127,
624,Additional Resources,Y,INFO127,
625,Course Information,Y,INFO136,
626,Lecture Slides,Y,INFO136,
627,Quizzes,Y,INFO136,
628,Midsemester Examination,Y,INFO136,
629,Assignments,Y,INFO136,
630,Past Papers,Y,INFO136,
631,Additional Resources,Y,INFO136,
632,Course Information,Y,INFO151,
633,Lecture Slides,Y,INFO151,
634,Quizzes,Y,INFO151,
635,Midsemester Examination,Y,INFO151,
636,Assignments,Y,INFO151,
637,Past Papers,Y,INFO151,
638,Additional Resources,Y,INFO151,
639,Course Information,Y,INFO168,
640,Lecture Slides,Y,INFO168,
641,Quizzes,Y,INFO168,
642,Midsemester Examination,Y,INFO168,
643,Assignments,Y,INFO168,
644,Past Papers,Y,INFO168,
645,Additional Resources,Y,INFO168,
646,Course Information,Y,INFO205,
647,Lecture Slides,Y,INFO205,
648,Quizzes,Y,INFO205,
649,Midsemester Examination,Y,INFO205,
650,Assignments,Y,INFO205,
651,Past Papers,Y,INFO205,
652,Additional Resources,Y,INFO205,
653,Course Information,Y,INFO219,
654,Lecture Slides,Y,INFO219,
655,Quizzes,Y,INFO219,
656,Midsemester Examination,Y,INFO219,
657,Assignments,Y,INFO219,
658,Past Papers,Y,INFO219,
659,Additional Resources,Y,INFO219,
660,Course Information,Y,INFO264,
661,Lecture Slides,Y,INFO264,
662,Quizzes,Y,INFO264,
663,Midsemester Examination,Y,INFO264,
664,Assignments,Y,INFO264,
665,Past Papers,Y,INFO264,
666,Additional Resources,Y,INFO264,
667,Course Information,Y,INFO332,
668,Lecture Slides,Y,INFO332,
669,Quizzes,Y,INFO332,
670,Midsemester Examination,Y,INFO332,
671,Assignments,Y,INFO332,
672,Past Papers,Y,INFO332,
673,Additional Resources,Y,INFO332,
674,Course Information,Y,INFO353,
675,Lecture Slides,Y,INFO353,
676,Quizzes,Y,INFO353,
677,Midsemester Examination,Y,INFO353,
678,Assignments,Y,INFO353,
679,Past Papers,Y,INFO353,
680,Additional Resources,Y,INFO353,
681,Course Information,Y,INFO370,
682,Lecture Slides,Y,INFO370,
683,Quizzes,Y,INFO370,
684,Midsemester Examination,Y,INFO370,
685,Assignments,Y,INFO370,
686,Past Papers,Y,INFO370,
687,Additional Resources,Y,INFO370,
688,Course Information,Y,INFO396,
689,Lecture Slides,Y,INFO396,
690,Quizzes,Y,INFO396,
691,Midsemester Examination,Y,INFO396,
692,Assignments,Y,INFO396,
693,Past Papers,Y,INFO396,
694,Additional Resources,Y,INFO396,
695,Course Information,Y,INFO397,
696,Lecture Slides,Y,INFO397,
697,Quizzes,Y,INFO397,
698,Midsemester Examination,Y,INFO397,
699,Assignments,Y,INFO397,
700,Past Papers,Y,INFO397,
701,Additional Resources,Y,INFO397,
702,Course Information,Y,INFO548,
703,Lecture Slides,Y,INFO548,
704,Quizzes,Y,INFO548,
705,Midsemester Examination,Y,INFO548,
706,Assignments,Y,INFO548,
707,Past Papers,Y,INFO548,
708,Additional Resources,Y,INFO548,
709,Course Information,Y,INFO572,
710,Lecture Slides,Y,INFO572,
711,Quizzes,Y,INFO572,
712,Midsemester Examination,Y,INFO572,
713,Assignments,Y,INFO572,
714,Past Papers,Y,INFO572,
715,Additional Resources,Y,INFO572,
716,Course Information,Y,INFO627,
717,Lecture Slides,Y,INFO627,
718,Quizzes,Y,INFO627,
719,Midsemester Examination,Y,INFO627,
720,Assignments,Y,INFO627,
721,Past Papers,Y,INFO627,
722,Additional Resources,Y,INFO627,
723,Course Information,Y,INFO683,
724,Lecture Slides,Y,INFO683,
725,Quizzes,Y,INFO683,
726,Midsemester Examination,Y,INFO683,
727,Assignments,Y,INFO683,
728,Past Papers,Y,INFO683,
729,Additional Resources,Y,INFO683,
730,Course Information,Y,INFO710,
731,Lecture Slides,Y,INFO710,
732,Quizzes,Y,INFO710,
733,Midsemester Examination,Y,INFO710,
734,Assignments,Y,INFO710,
735,Past Papers,Y,INFO710,
736,Additional Resources,Y,INFO710,
737,Course Information,Y,INFO720,
738,Lecture Slides,Y,INFO720,
739,Quizzes,Y,INFO720,
740,Midsemester Examination,Y,INFO720,
741,Assignments,Y,INFO720,
742,Past Papers,Y,INFO720,
743,Additional Resources,Y,INFO720,
744,Course Information,Y,INFO730,
745,Lecture Slides,Y,INFO730,
746,Quizzes,Y,INFO730,
747,Midsemester Examination,Y,INFO730,
748,Assignments,Y,INFO730,
749,Past Papers,Y,INFO730,
750,Additional Resources,Y,INFO730,
751,Course Information,Y,INFO738,
752,Lecture Slides,Y,INFO738,
753,Quizzes,Y,INFO738,
754,Midsemester Examination,Y,INFO738,
755,Assignments,Y,INFO738,
756,Past Papers,Y,INFO738,
757,Additional Resources,Y,INFO738,
758,Course Information,Y,INFO767,
759,Lecture Slides,Y,INFO767,
760,Quizzes,Y,INFO767,
761,Midsemester Examination,Y,INFO767,
762,Assignments,Y,INFO767,
763,Past Papers,Y,INFO767,
764,Additional Resources,Y,INFO767,
765,Course Information,Y,INFO797,
766,Lecture Slides,Y,INFO797,
767,Quizzes,Y,INFO797,
768,Midsemester Examination,Y,INFO797,
769,Assignments,Y,INFO797,
770,Past Papers,Y,INFO797,
771,Additional Resources,Y,INFO797,
772,Course Information,Y,INFO825,
773,Lecture Slides,Y,INFO825,
774,Quizzes,Y,INFO825,
775,Midsemester Examination,Y,INFO825,
776,Assignments,Y,INFO825,
777,Past Papers,Y,INFO825,
778,Additional Resources,Y,INFO825,
779,Course Information,Y,INFO831,
780,Lecture Slides,Y,INFO831,
781,Quizzes,Y,INFO831,
782,Midsemester Examination,Y,INFO831,
783,Assignments,Y,INFO831,
784,Past Papers,Y,INFO831,
785,Additional Resources,Y,INFO831,
786,Course Information,Y,INFO888,
787,Lecture Slides,Y,INFO888,
788,Quizzes,Y,INFO888,
789,Midsemester Examination,Y,INFO888,
790,Assignments,Y,INFO888,
791,Past Papers,Y,INFO888,
792,Additional Resources,Y,INFO888,
793,Course Information,Y,INFO915,
794,Lecture Slides,Y,INFO915,
795,Quizzes,Y,INFO915,
796,Midsemester Examination,Y,INFO915,
797,Assignments,Y,INFO915,
798,Past Papers,Y,INFO915,
799,Additional Resources,Y,INFO915,
800,Course Information,Y,INFO980,
801,Lecture Slides,Y,INFO980,
802,Quizzes,Y,INFO980,
803,Midsemester Examination,Y,INFO980,
804,Assignments,Y,INFO980,
805,Past Papers,Y,INFO980,
806,Additional Resources,Y,INFO980,
807,Course Information,Y,INFO995,
808,Lecture Slides,Y,INFO995,
809,Quizzes,Y,INFO995,
810,Midsemester Examination,Y,INFO995,
811,Assignments,Y,INFO995,
812,Past Papers,Y,INFO995,
813,Additional Resources,Y,INFO995,
814,Course Information,Y,SOCI020,
815,Lecture Slides,Y,SOCI020,
816,Quizzes,Y,SOCI020,
817,Midsemester Examination,Y,SOCI020,
818,Assignments,Y,SOCI020,
819,Past Papers,Y,SOCI020,
820,Additional Resources,Y,SOCI020,
821,Course Information,Y,SOCI080,
822,Lecture Slides,Y,SOCI080,
823,Quizzes,Y,SOCI080,
824,Midsemester Examination,Y,SOCI080,
825,Assignments,Y,SOCI080,
826,Past Papers,Y,SOCI080,
827,Additional Resources,Y,SOCI080,
828,Course Information,Y,SOCI105,
829,Lecture Slides,Y,SOCI105,
830,Quizzes,Y,SOCI105,
831,Midsemester Examination,Y,SOCI105,
832,Assignments,Y,SOCI105,
833,Past Papers,Y,SOCI105,
834,Additional Resources,Y,SOCI105,
835,Course Information,Y,SOCI112,
836,Lecture Slides,Y,SOCI112,
837,Quizzes,Y,SOCI112,
838,Midsemester Examination,Y,SOCI112,
839,Assignments,Y,SOCI112,
840,Past Papers,Y,SOCI112,
841,Additional Resources,Y,SOCI112,
842,Course Information,Y,SOCI124,
843,Lecture Slides,Y,SOCI124,
844,Quizzes,Y,SOCI124,
845,Midsemester Examination,Y,SOCI124,
846,Assignments,Y,SOCI124,
847,Past Papers,Y,SOCI124,
848,Additional Resources,Y,SOCI124,
849,Course Information,Y,SOCI144,
850,Lecture Slides,Y,SOCI144,
851,Quizzes,Y,SOCI144,
852,Midsemester Examination,Y,SOCI144,
853,Assignments,Y,SOCI144,
854,Past Papers,Y,SOCI144,
855,Additional Resources,Y,SOCI144,
856,Course Information,Y,SOCI160,
857,Lecture Slides,Y,SOCI160,
858,Quizzes,Y,SOCI160,
859,Midsemester Examination,Y,SOCI160,
860,Assignments,Y,SOCI160,
861,Past Papers,Y,SOCI160,
862,Additional Resources,Y,SOCI160,
863,Course Information,Y,SOCI178,
864,Lecture Slides,Y,SOCI178,
865,Quizzes,Y,SOCI178,
866,Midsemester Examination,Y,SOCI178,
867,Assignments,Y,SOCI178,
868,Past Papers,Y,SOCI178,
869,Additional Resources,Y,SOCI178,
870,Course Information,Y,SOCI224,
871,Lecture Slides,Y,SOCI224,
872,Quizzes,Y,SOCI224,
873,Midsemester Examination,Y,SOCI224,
874,Assignments,Y,SOCI224,
875,Past Papers,Y,SOCI224,
876,Additional Resources,Y,SOCI224,
877,Course Information,Y,SOCI301,
878,Lecture Slides,Y,SOCI301,
879,Quizzes,Y,SOCI301,
880,Midsemester Examination,Y,SOCI301,
881,Assignments,Y,SOCI301,
882,Past Papers,Y,SOCI301,
883,Additional Resources,Y,SOCI301,
884,Course Information,Y,SOCI317,
885,Lecture Slides,Y,SOCI317,
886,Quizzes,Y,SOCI317,
887,Midsemester Examination,Y,SOCI317,
888,Assignments,Y,SOCI317,
889,Past Papers,Y,SOCI317,
890,Additional Resources,Y,SOCI317,
891,Course Information,Y,SOCI326,
892,Lecture Slides,Y,SOCI326,
893,Quizzes,Y,SOCI326,
894,Midsemester Examination,Y,SOCI326,
895,Assignments,Y,SOCI326,
896,Past Papers,Y,SOCI326,
897,Additional Resources,Y,SOCI326,
898,Course Information,Y,SOCI336,
899,Lecture Slides,Y,SOCI336,
900,Quizzes,Y,SOCI336,
901,Midsemester Examination,Y,SOCI336,
902,Assignments,Y,SOCI336,
903,Past Papers,Y,SOCI336,
904,Additional Resources,Y,SOCI336,
905,Course Information,Y,SOCI337,
906,Lecture Slides,Y,SOCI337,
907,Quizzes,Y,SOCI337,
908,Midsemester Examination,Y,SOCI337,
909,Assignments,Y,SOCI337,
910,Past Papers,Y,SOCI337,
911,Additional Resources,Y,SOCI337,
912,Course Information,Y,SOCI341,
913,Lecture Slides,Y,SOCI341,
914,Quizzes,Y,SOCI341,
915,Midsemester Examination,Y,SOCI341,
916,Assignments,Y,SOCI341,
917,Past Papers,Y,SOCI341,
918,Additional Resources,Y,SOCI341,
919,Course Information,Y,SOCI373,
920,Lecture Slides,Y,SOCI373,
921,Quizzes,Y,SOCI373,
922,Midsemester Examination,Y,SOCI373,
923,Assignments,Y,SOCI373,
924,Past Papers,Y,SOCI373,
925,Additional Resources,Y,SOCI373,
926,Course Information,Y,SOCI411,
927,Lecture Slides,Y,SOCI411,
928,Quizzes,Y,SOCI411,
929,Midsemester Examination,Y,SOCI411,
930,Assignments,Y,SOCI411,
931,Past Papers,Y,SOCI411,
932,Additional Resources,Y,SOCI411,
933,Course Information,Y,SOCI427,
934,Lecture Slides,Y,SOCI427,
935,Quizzes,Y,SOCI427,
936,Midsemester Examination,Y,SOCI427,
937,Assignments,Y,SOCI427,
938,Past Papers,Y,SOCI427,
939,Additional Resources,Y,SOCI427,
940,Course Information,Y,SOCI535,
941,Lecture Slides,Y,SOCI535,
942,Quizzes,Y,SOCI535,
943,Midsemester Examination,Y,SOCI535,
944,Assignments,Y,SOCI535,
945,Past Papers,Y,SOCI535,
946,Additional Resources,Y,SOCI535,
947,Course Information,Y,SOCI554,
948,Lecture Slides,Y,SOCI554,
949,Quizzes,Y,SOCI554,
950,Midsemester Examination,Y,SOCI554,
951,Assignments,Y,SOCI554,
952,Past Papers,Y,SOCI554,
953,Additional Resources,Y,SOCI554,
954,Course Information,Y,SOCI616,
955,Lecture Slides,Y,SOCI616,
956,Quizzes,Y,SOCI616,
957,Midsemester Examination,Y,SOCI616,
958,Assignments,Y,SOCI616,
959,Past Papers,Y,SOCI616,
960,Additional Resources,Y,SOCI616,
961,Course Information,Y,SOCI627,
962,Lecture Slides,Y,SOCI627,
963,Quizzes,Y,SOCI627,
964,Midsemester Examination,Y,SOCI627,
965,Assignments,Y,SOCI627,
966,Past Papers,Y,SOCI627,
967,Additional Resources,Y,SOCI627,
968,Course Information,Y,SOCI649,
969,Lecture Slides,Y,SOCI649,
970,Quizzes,Y,SOCI649,
971,Midsemester Examination,Y,SOCI649,
972,Assignments,Y,SOCI649,
973,Past Papers,Y,SOCI649,
974,Additional Resources,Y,SOCI649,
975,Course Information,Y,SOCI670,
976,Lecture Slides,Y,SOCI670,
977,Quizzes,Y,SOCI670,
978,Midsemester Examination,Y,SOCI670,
979,Assignments,Y,SOCI670,
980,Past Papers,Y,SOCI670,
981,Additional Resources,Y,SOCI670,
982,Course Information,Y,SOCI683,
983,Lecture Slides,Y,SOCI683,
984,Quizzes,Y,SOCI683,
985,Midsemester Examination,Y,SOCI683,
986,Assignments,Y,SOCI683,
987,Past Papers,Y,SOCI683,
988,Additional Resources,Y,SOCI683,
989,Course Information,Y,SOCI706,
990,Lecture Slides,Y,SOCI706,
991,Quizzes,Y,SOCI706,
992,Midsemester Examination,Y,SOCI706,
993,Assignments,Y,SOCI706,
994,Past Papers,Y,SOCI706,
995,Additional Resources,Y,SOCI706,
996,Course Information,Y,SOCI747,
997,Lecture Slides,Y,SOCI747,
998,Quizzes,Y,SOCI747,
999,Midsemester Examination,Y,SOCI747,
1000,Assignments,Y,SOCI747,
1001,Past Papers,Y,SOCI747,
1002,Additional Resources,Y,SOCI747,
1003,Course Information,Y,SOCI770,
1004,Lecture Slides,Y,SOCI770,
1005,Quizzes,Y,SOCI770,
1006,Midsemester Examination,Y,SOCI770,
1007,Assignments,Y,SOCI770,
1008,Past Papers,Y,SOCI770,
1009,Additional Resources,Y,SOCI770,
1010,Course Information,Y,SOCI781,
1011,Lecture Slides,Y,SOCI781,
1012,Quizzes,Y,SOCI781,
1013,Midsemester Examination,Y,SOCI781,
1014,Assignments,Y,SOCI781,
1015,Past Papers,Y,SOCI781,
1016,Additional Resources,Y,SOCI781,
1017,Course Information,Y,SOCI786,
1018,Lecture Slides,Y,SOCI786,
1019,Quizzes,Y,SOCI786,
1020,Midsemester Examination,Y,SOCI786,
1021,Assignments,Y,SOCI786,
1022,Past Papers,Y,SOCI786,
1023,Additional Resources,Y,SOCI786,
1024,Course Information,Y,SOCI846,
1025,Lecture Slides,Y,SOCI846,
1026,Quizzes,Y,SOCI846,
1027,Midsemester Examination,Y,SOCI846,
1028,Assignments,Y,SOCI846,
1029,Past Papers,Y,SOCI846,
1030,Additional Resources,Y,SOCI846,
1031,Course Information,Y,SOCI978,
1032,Lecture Slides,Y,SOCI978,
1033,Quizzes,Y,SOCI978,
1034,Midsemester Examination,Y,SOCI978,
1035,Assignments,Y,SOCI978,
1036,Past Papers,Y,SOCI978,
1037,Additional Resources,Y,SOCI978,
1038,Course Information,Y,SOCI992,
1039,Lecture Slides,Y,SOCI992,
1040,Quizzes,Y,SOCI992,
1041,Midsemester Examination,Y,SOCI992,
1042,Assignments,Y,SOCI992,
1043,Past Papers,Y,SOCI992,
1044,Additional Resources,Y,SOCI992,
1045,Course Information,Y,SOWK035,
1046,Lecture Slides,Y,SOWK035,
1047,Quizzes,Y,SOWK035,
1048,Midsemester Examination,Y,SOWK035,
1049,Assignments,Y,SOWK035,
1050,Past Papers,Y,SOWK035,
1051,Additional Resources,Y,SOWK035,
1052,Course Information,Y,SOWK110,
1053,Lecture Slides,Y,SOWK110,
1054,Quizzes,Y,SOWK110,
1055,Midsemester Examination,Y,SOWK110,
1056,Assignments,Y,SOWK110,
1057,Past Papers,Y,SOWK110,
1058,Additional Resources,Y,SOWK110,
1059,Course Information,Y,SOWK129,
1060,Lecture Slides,Y,SOWK129,
1061,Quizzes,Y,SOWK129,
1062,Midsemester Examination,Y,SOWK129,
1063,Assignments,Y,SOWK129,
1064,Past Papers,Y,SOWK129,
1065,Additional Resources,Y,SOWK129,
1066,Course Information,Y,SOWK146,
1067,Lecture Slides,Y,SOWK146,
1068,Quizzes,Y,SOWK146,
1069,Midsemester Examination,Y,SOWK146,
1070,Assignments,Y,SOWK146,
1071,Past Papers,Y,SOWK146,
1072,Additional Resources,Y,SOWK146,
1073,Course Information,Y,SOWK173,
1074,Lecture Slides,Y,SOWK173,
1075,Quizzes,Y,SOWK173,
1076,Midsemester Examination,Y,SOWK173,
1077,Assignments,Y,SOWK173,
1078,Past Papers,Y,SOWK173,
1079,Additional Resources,Y,SOWK173,
1080,Course Information,Y,SOWK189,
1081,Lecture Slides,Y,SOWK189,
1082,Quizzes,Y,SOWK189,
1083,Midsemester Examination,Y,SOWK189,
1084,Assignments,Y,SOWK189,
1085,Past Papers,Y,SOWK189,
1086,Additional Resources,Y,SOWK189,
1087,Course Information,Y,SOWK196,
1088,Lecture Slides,Y,SOWK196,
1089,Quizzes,Y,SOWK196,
1090,Midsemester Examination,Y,SOWK196,
1091,Assignments,Y,SOWK196,
1092,Past Papers,Y,SOWK196,
1093,Additional Resources,Y,SOWK196,
1094,Course Information,Y,SOWK217,
1095,Lecture Slides,Y,SOWK217,
1096,Quizzes,Y,SOWK217,
1097,Midsemester Examination,Y,SOWK217,
1098,Assignments,Y,SOWK217,
1099,Past Papers,Y,SOWK217,
1100,Additional Resources,Y,SOWK217,
1101,Course Information,Y,SOWK243,
1102,Lecture Slides,Y,SOWK243,
1103,Quizzes,Y,SOWK243,
1104,Midsemester Examination,Y,SOWK243,
1105,Assignments,Y,SOWK243,
1106,Past Papers,Y,SOWK243,
1107,Additional Resources,Y,SOWK243,
1108,Course Information,Y,SOWK249,
1109,Lecture Slides,Y,SOWK249,
1110,Quizzes,Y,SOWK249,
1111,Midsemester Examination,Y,SOWK249,
1112,Assignments,Y,SOWK249,
1113,Past Papers,Y,SOWK249,
1114,Additional Resources,Y,SOWK249,
1115,Course Information,Y,SOWK294,
1116,Lecture Slides,Y,SOWK294,
1117,Quizzes,Y,SOWK294,
1118,Midsemester Examination,Y,SOWK294,
1119,Assignments,Y,SOWK294,
1120,Past Papers,Y,SOWK294,
1121,Additional Resources,Y,SOWK294,
1122,Course Information,Y,SOWK386,
1123,Lecture Slides,Y,SOWK386,
1124,Quizzes,Y,SOWK386,
1125,Midsemester Examination,Y,SOWK386,
1126,Assignments,Y,SOWK386,
1127,Past Papers,Y,SOWK386,
1128,Additional Resources,Y,SOWK386,
1129,Course Information,Y,SOWK460,
1130,Lecture Slides,Y,SOWK460,
1131,Quizzes,Y,SOWK460,
1132,Midsemester Examination,Y,SOWK460,
1133,Assignments,Y,SOWK460,
1134,Past Papers,Y,SOWK460,
1135,Additional Resources,Y,SOWK460,
1136,Course Information,Y,SOWK496,
1137,Lecture Slides,Y,SOWK496,
1138,Quizzes,Y,SOWK496,
1139,Midsemester Examination,Y,SOWK496,
1140,Assignments,Y,SOWK496,
1141,Past Papers,Y,SOWK496,
1142,Additional Resources,Y,SOWK496,
1143,Course Information,Y,SOWK549,
1144,Lecture Slides,Y,SOWK549,
1145,Quizzes,Y,SOWK549,
1146,Midsemester Examination,Y,SOWK549,
1147,Assignments,Y,SOWK549,
1148,Past Papers,Y,SOWK549,
1149,Additional Resources,Y,SOWK549,
1150,Course Information,Y,SOWK577,
1151,Lecture Slides,Y,SOWK577,
1152,Quizzes,Y,SOWK577,
1153,Midsemester Examination,Y,SOWK577,
1154,Assignments,Y,SOWK577,
1155,Past Papers,Y,SOWK577,
1156,Additional Resources,Y,SOWK577,
1157,Course Information,Y,SOWK612,
1158,Lecture Slides,Y,SOWK612,
1159,Quizzes,Y,SOWK612,
1160,Midsemester Examination,Y,SOWK612,
1161,Assignments,Y,SOWK612,
1162,Past Papers,Y,SOWK612,
1163,Additional Resources,Y,SOWK612,
1164,Course Information,Y,SOWK667,
1165,Lecture Slides,Y,SOWK667,
1166,Quizzes,Y,SOWK667,
1167,Midsemester Examination,Y,SOWK667,
1168,Assignments,Y,SOWK667,
1169,Past Papers,Y,SOWK667,
1170,Additional Resources,Y,SOWK667,
1171,Course Information,Y,SOWK708,
1172,Lecture Slides,Y,SOWK708,
1173,Quizzes,Y,SOWK708,
1174,Midsemester Examination,Y,SOWK708,
1175,Assignments,Y,SOWK708,
1176,Past Papers,Y,SOWK708,
1177,Additional Resources,Y,SOWK708,
1178,Course Information,Y,SOWK738,
1179,Lecture Slides,Y,SOWK738,
1180,Quizzes,Y,SOWK738,
1181,Midsemester Examination,Y,SOWK738,
1182,Assignments,Y,SOWK738,
1183,Past Papers,Y,SOWK738,
1184,Additional Resources,Y,SOWK738,
1185,Course Information,Y,SOWK745,
1186,Lecture Slides,Y,SOWK745,
1187,Quizzes,Y,SOWK745,
1188,Midsemester Examination,Y,SOWK745,
1189,Assignments,Y,SOWK745,
1190,Past Papers,Y,SOWK745,
1191,Additional Resources,Y,SOWK745,
1192,Course Information,Y,SOWK809,
1193,Lecture Slides,Y,SOWK809,
1194,Quizzes,Y,SOWK809,
1195,Midsemester Examination,Y,SOWK809,
1196,Assignments,Y,SOWK809,
1197,Past Papers,Y,SOWK809,
1198,Additional Resources,Y,SOWK809,
1199,Course Information,Y,SOWK893,
1200,Lecture Slides,Y,SOWK893,
1201,Quizzes,Y,SOWK893,
1202,Midsemester Examination,Y,SOWK893,
1203,Assignments,Y,SOWK893,
1204,Past Papers,Y,SOWK893,
1205,Additional Resources,Y,SOWK893,
1206,Course Information,Y,SOWK980,
1207,Lecture Slides,Y,SOWK980,
1208,Quizzes,Y,SOWK980,
1209,Midsemester Examination,Y,SOWK980,
1210,Assignments,Y,SOWK980,
1211,Past Papers,Y,SOWK980,
1212,Additional Resources,Y,SOWK980,
1213,Course Information,Y,SOWK981,
1214,Lecture Slides,Y,SOWK981,
1215,Quizzes,Y,SOWK981,
1216,Midsemester Examination,Y,SOWK981,
1217,Assignments,Y,SOWK981,
1218,Past Papers,Y,SOWK981,
1219,Additional Resources,Y,SOWK981,
1220,Course Information,Y,SWEN050,
1221,Lecture Slides,Y,SWEN050,
1222,Quizzes,Y,SWEN050,
1223,Midsemester Examination,Y,SWEN050,
1224,Assignments,Y,SWEN050,
1225,Past Papers,Y,SWEN050,
1226,Additional Resources,Y,SWEN050,
1227,Course Information,Y,SWEN064,
1228,Lecture Slides,Y,SWEN064,
1229,Quizzes,Y,SWEN064,
1230,Midsemester Examination,Y,SWEN064,
1231,Assignments,Y,SWEN064,
1232,Past Papers,Y,SWEN064,
1233,Additional Resources,Y,SWEN064,
1234,Course Information,Y,SWEN070,
1235,Lecture Slides,Y,SWEN070,
1236,Quizzes,Y,SWEN070,
1237,Midsemester Examination,Y,SWEN070,
1238,Assignments,Y,SWEN070,
1239,Past Papers,Y,SWEN070,
1240,Additional Resources,Y,SWEN070,
1241,Course Information,Y,SWEN100,
1242,Lecture Slides,Y,SWEN100,
1243,Quizzes,Y,SWEN100,
1244,Midsemester Examination,Y,SWEN100,
1245,Assignments,Y,SWEN100,
1246,Past Papers,Y,SWEN100,
1247,Additional Resources,Y,SWEN100,
1248,Course Information,Y,SWEN131,
1249,Lecture Slides,Y,SWEN131,
1250,Quizzes,Y,SWEN131,
1251,Midsemester Examination,Y,SWEN131,
1252,Assignments,Y,SWEN131,
1253,Past Papers,Y,SWEN131,
1254,Additional Resources,Y,SWEN131,
1255,Course Information,Y,SWEN141,
1256,Lecture Slides,Y,SWEN141,
1257,Quizzes,Y,SWEN141,
1258,Midsemester Examination,Y,SWEN141,
1259,Assignments,Y,SWEN141,
1260,Past Papers,Y,SWEN141,
1261,Additional Resources,Y,SWEN141,
1262,Course Information,Y,SWEN158,
1263,Lecture Slides,Y,SWEN158,
1264,Quizzes,Y,SWEN158,
1265,Midsemester Examination,Y,SWEN158,
1266,Assignments,Y,SWEN158,
1267,Past Papers,Y,SWEN158,
1268,Additional Resources,Y,SWEN158,
1269,Course Information,Y,SWEN196,
1270,Lecture Slides,Y,SWEN196,
1271,Quizzes,Y,SWEN196,
1272,Midsemester Examination,Y,SWEN196,
1273,Assignments,Y,SWEN196,
1274,Past Papers,Y,SWEN196,
1275,Additional Resources,Y,SWEN196,
1276,Course Information,Y,SWEN210,
1277,Lecture Slides,Y,SWEN210,
1278,Quizzes,Y,SWEN210,
1279,Midsemester Examination,Y,SWEN210,
1280,Assignments,Y,SWEN210,
1281,Past Papers,Y,SWEN210,
1282,Additional Resources,Y,SWEN210,
1283,Course Information,Y,SWEN237,
1284,Lecture Slides,Y,SWEN237,
1285,Quizzes,Y,SWEN237,
1286,Midsemester Examination,Y,SWEN237,
1287,Assignments,Y,SWEN237,
1288,Past Papers,Y,SWEN237,
1289,Additional Resources,Y,SWEN237,
1290,Course Information,Y,SWEN239,
1291,Lecture Slides,Y,SWEN239,
1292,Quizzes,Y,SWEN239,
1293,Midsemester Examination,Y,SWEN239,
1294,Assignments,Y,SWEN239,
1295,Past Papers,Y,SWEN239,
1296,Additional Resources,Y,SWEN239,
1297,Course Information,Y,SWEN241,
1298,Lecture Slides,Y,SWEN241,
1299,Quizzes,Y,SWEN241,
1300,Midsemester Examination,Y,SWEN241,
1301,Assignments,Y,SWEN241,
1302,Past Papers,Y,SWEN241,
1303,Additional Resources,Y,SWEN241,
1304,Course Information,Y,SWEN259,
1305,Lecture Slides,Y,SWEN259,
1306,Quizzes,Y,SWEN259,
1307,Midsemester Examination,Y,SWEN259,
1308,Assignments,Y,SWEN259,
1309,Past Papers,Y,SWEN259,
1310,Additional Resources,Y,SWEN259,
1311,Course Information,Y,SWEN268,
1312,Lecture Slides,Y,SWEN268,
1313,Quizzes,Y,SWEN268,
1314,Midsemester Examination,Y,SWEN268,
1315,Assignments,Y,SWEN268,
1316,Past Papers,Y,SWEN268,
1317,Additional Resources,Y,SWEN268,
1318,Course Information,Y,SWEN273,
1319,Lecture Slides,Y,SWEN273,
1320,Quizzes,Y,SWEN273,
1321,Midsemester Examination,Y,SWEN273,
1322,Assignments,Y,SWEN273,
1323,Past Papers,Y,SWEN273,
1324,Additional Resources,Y,SWEN273,
1325,Course Information,Y,SWEN276,
1326,Lecture Slides,Y,SWEN276,
1327,Quizzes,Y,SWEN276,
1328,Midsemester Examination,Y,SWEN276,
1329,Assignments,Y,SWEN276,
1330,Past Papers,Y,SWEN276,
1331,Additional Resources,Y,SWEN276,
1332,Course Information,Y,SWEN284,
1333,Lecture Slides,Y,SWEN284,
1334,Quizzes,Y,SWEN284,
1335,Midsemester Examination,Y,SWEN284,
1336,Assignments,Y,SWEN284,
1337,Past Papers,Y,SWEN284,
1338,Additional Resources,Y,SWEN284,
1339,Course Information,Y,SWEN296,
1340,Lecture Slides,Y,SWEN296,
1341,Quizzes,Y,SWEN296,
1342,Midsemester Examination,Y,SWEN296,
1343,Assignments,Y,SWEN296,
1344,Past Papers,Y,SWEN296,
1345,Additional Resources,Y,SWEN296,
1346,Course Information,Y,SWEN324,
1347,Lecture Slides,Y,SWEN324,
1348,Quizzes,Y,SWEN324,
1349,Midsemester Examination,Y,SWEN324,
1350,Assignments,Y,SWEN324,
1351,Past Papers,Y,SWEN324,
1352,Additional Resources,Y,SWEN324,
1353,Course Information,Y,SWEN343,
1354,Lecture Slides,Y,SWEN343,
1355,Quizzes,Y,SWEN343,
1356,Midsemester Examination,Y,SWEN343,
1357,Assignments,Y,SWEN343,
1358,Past Papers,Y,SWEN343,
1359,Additional Resources,Y,SWEN343,
1360,Course Information,Y,SWEN384,
1361,Lecture Slides,Y,SWEN384,
1362,Quizzes,Y,SWEN384,
1363,Midsemester Examination,Y,SWEN384,
1364,Assignments,Y,SWEN384,
1365,Past Papers,Y,SWEN384,
1366,Additional Resources,Y,SWEN384,
1367,Course Information,Y,SWEN391,
1368,Lecture Slides,Y,SWEN391,
1369,Quizzes,Y,SWEN391,
1370,Midsemester Examination,Y,SWEN391,
1371,Assignments,Y,SWEN391,
1372,Past Papers,Y,SWEN391,
1373,Additional Resources,Y,SWEN391,
1374,Course Information,Y,SWEN415,
1375,Lecture Slides,Y,SWEN415,
1376,Quizzes,Y,SWEN415,
1377,Midsemester Examination,Y,SWEN415,
1378,Assignments,Y,SWEN415,
1379,Past Papers,Y,SWEN415,
1380,Additional Resources,Y,SWEN415,
1381,Course Information,Y,SWEN418,
1382,Lecture Slides,Y,SWEN418,
1383,Quizzes,Y,SWEN418,
1384,Midsemester Examination,Y,SWEN418,
1385,Assignments,Y,SWEN418,
1386,Past Papers,Y,SWEN418,
1387,Additional Resources,Y,SWEN418,
1388,Course Information,Y,SWEN432,
1389,Lecture Slides,Y,SWEN432,
1390,Quizzes,Y,SWEN432,
1391,Midsemester Examination,Y,SWEN432,
1392,Assignments,Y,SWEN432,
1393,Past Papers,Y,SWEN432,
1394,Additional Resources,Y,SWEN432,
1395,Course Information,Y,SWEN454,
1396,Lecture Slides,Y,SWEN454,
1397,Quizzes,Y,SWEN454,
1398,Midsemester Examination,Y,SWEN454,
1399,Assignments,Y,SWEN454,
1400,Past Papers,Y,SWEN454,
1401,Additional Resources,Y,SWEN454,
1402,Course Information,Y,SWEN493,
1403,Lecture Slides,Y,SWEN493,
1404,Quizzes,Y,SWEN493,
1405,Midsemester Examination,Y,SWEN493,
1406,Assignments,Y,SWEN493,
1407,Past Papers,Y,SWEN493,
1408,Additional Resources,Y,SWEN493,
1409,Course Information,Y,SWEN496,
1410,Lecture Slides,Y,SWEN496,
1411,Quizzes,Y,SWEN496,
1412,Midsemester Examination,Y,SWEN496,
1413,Assignments,Y,SWEN496,
1414,Past Papers,Y,SWEN496,
1415,Additional Resources,Y,SWEN496,
1416,Course Information,Y,SWEN559,
1417,Lecture Slides,Y,SWEN559,
1418,Quizzes,Y,SWEN559,
1419,Midsemester Examination,Y,SWEN559,
1420,Assignments,Y,SWEN559,
1421,Past Papers,Y,SWEN559,
1422,Additional Resources,Y,SWEN559,
1423,Course Information,Y,SWEN566,
1424,Lecture Slides,Y,SWEN566,
1425,Quizzes,Y,SWEN566,
1426,Midsemester Examination,Y,SWEN566,
1427,Assignments,Y,SWEN566,
1428,Past Papers,Y,SWEN566,
1429,Additional Resources,Y,SWEN566,
1430,Course Information,Y,SWEN600,
1431,Lecture Slides,Y,SWEN600,
1432,Quizzes,Y,SWEN600,
1433,Midsemester Examination,Y,SWEN600,
1434,Assignments,Y,SWEN600,
1435,Past Papers,Y,SWEN600,
1436,Additional Resources,Y,SWEN600,
1437,Course Information,Y,SWEN617,
1438,Lecture Slides,Y,SWEN617,
1439,Quizzes,Y,SWEN617,
1440,Midsemester Examination,Y,SWEN617,
1441,Assignments,Y,SWEN617,
1442,Past Papers,Y,SWEN617,
1443,Additional Resources,Y,SWEN617,
1444,Course Information,Y,SWEN639,
1445,Lecture Slides,Y,SWEN639,
1446,Quizzes,Y,SWEN639,
1447,Midsemester Examination,Y,SWEN639,
1448,Assignments,Y,SWEN639,
1449,Past Papers,Y,SWEN639,
1450,Additional Resources,Y,SWEN639,
1451,Course Information,Y,SWEN651,
1452,Lecture Slides,Y,SWEN651,
1453,Quizzes,Y,SWEN651,
1454,Midsemester Examination,Y,SWEN651,
1455,Assignments,Y,SWEN651,
1456,Past Papers,Y,SWEN651,
1457,Additional Resources,Y,SWEN651,
1458,Course Information,Y,SWEN653,
1459,Lecture Slides,Y,SWEN653,
1460,Quizzes,Y,SWEN653,
1461,Midsemester Examination,Y,SWEN653,
1462,Assignments,Y,SWEN653,
1463,Past Papers,Y,SWEN653,
1464,Additional Resources,Y,SWEN653,
1465,Course Information,Y,SWEN667,
1466,Lecture Slides,Y,SWEN667,
1467,Quizzes,Y,SWEN667,
1468,Midsemester Examination,Y,SWEN667,
1469,Assignments,Y,SWEN667,
1470,Past Papers,Y,SWEN667,
1471,Additional Resources,Y,SWEN667,
1472,Course Information,Y,SWEN674,
1473,Lecture Slides,Y,SWEN674,
1474,Quizzes,Y,SWEN674,
1475,Midsemester Examination,Y,SWEN674,
1476,Assignments,Y,SWEN674,
1477,Past Papers,Y,SWEN674,
1478,Additional Resources,Y,SWEN674,
1479,Course Information,Y,SWEN701,
1480,Lecture Slides,Y,SWEN701,
1481,Quizzes,Y,SWEN701,
1482,Midsemester Examination,Y,SWEN701,
1483,Assignments,Y,SWEN701,
1484,Past Papers,Y,SWEN701,
1485,Additional Resources,Y,SWEN701,
1486,Course Information,Y,SWEN714,
1487,Lecture Slides,Y,SWEN714,
1488,Quizzes,Y,SWEN714,
1489,Midsemester Examination,Y,SWEN714,
1490,Assignments,Y,SWEN714,
1491,Past Papers,Y,SWEN714,
1492,Additional Resources,Y,SWEN714,
1493,Course Information,Y,SWEN715,
1494,Lecture Slides,Y,SWEN715,
1495,Quizzes,Y,SWEN715,
1496,Midsemester Examination,Y,SWEN715,
1497,Assignments,Y,SWEN715,
1498,Past Papers,Y,SWEN715,
1499,Additional Resources,Y,SWEN715,
1500,Course Information,Y,SWEN770,
1501,Lecture Slides,Y,SWEN770,
1502,Quizzes,Y,SWEN770,
1503,Midsemester Examination,Y,SWEN770,
1504,Assignments,Y,SWEN770,
1505,Past Papers,Y,SWEN770,
1506,Additional Resources,Y,SWEN770,
1507,Course Information,Y,SWEN815,
1508,Lecture Slides,Y,SWEN815,
1509,Quizzes,Y,SWEN815,
1510,Midsemester Examination,Y,SWEN815,
1511,Assignments,Y,SWEN815,
1512,Past Papers,Y,SWEN815,
1513,Additional Resources,Y,SWEN815,
1514,Course Information,Y,SWEN825,
1515,Lecture Slides,Y,SWEN825,
1516,Quizzes,Y,SWEN825,
1517,Midsemester Examination,Y,SWEN825,
1518,Assignments,Y,SWEN825,
1519,Past Papers,Y,SWEN825,
1520,Additional Resources,Y,SWEN825,
1521,Course Information,Y,SWEN885,
1522,Lecture Slides,Y,SWEN885,
1523,Quizzes,Y,SWEN885,
1524,Midsemester Examination,Y,SWEN885,
1525,Assignments,Y,SWEN885,
1526,Past Papers,Y,SWEN885,
1527,Additional Resources,Y,SWEN885,
1528,Course Information,Y,SWEN935,
1529,Lecture Slides,Y,SWEN935,
1530,Quizzes,Y,SWEN935,
1531,Midsemester Examination,Y,SWEN935,
1532,Assignments,Y,SWEN935,
1533,Past Papers,Y,SWEN935,
1534,Additional Resources,Y,SWEN935,
1535,Course Information,Y,SWEN957,
1536,Lecture Slides,Y,SWEN957,
1537,Quizzes,Y,SWEN957,
1538,Midsemester Examination,Y,SWEN957,
1539,Assignments,Y,SWEN957,
1540,Past Papers,Y,SWEN957,
1541,Additional Resources,Y,SWEN957,
1542,Course Information,Y,SWEN965,
1543,Lecture Slides,Y,SWEN965,
1544,Quizzes,Y,SWEN965,
1545,Midsemester Examination,Y,SWEN965,
1546,Assignments,Y,SWEN965,
1547,Past Papers,Y,SWEN965,
1548,Additional Resources,Y,SWEN965,
1549,Course Information,Y,SWEN978,
1550,Lecture Slides,Y,SWEN978,
1551,Quizzes,Y,SWEN978,
1552,Midsemester Examination,Y,SWEN978,
1553,Assignments,Y,SWEN978,
1554,Past Papers,Y,SWEN978,
1555,Additional Resources,Y,SWEN978,
1556,Course Information,Y,SWEN979,
1557,Lecture Slides,Y,SWEN979,
1558,Quizzes,Y,SWEN979,
1559,Midsemester Examination,Y,SWEN979,
1560,Assignments,Y,SWEN979,
1561,Past Papers,Y,SWEN979,
1562,Additional Resources,Y,SWEN979,
